Theme,blog_ID,Published At time,Published At Year,Published At Month,Published At Day_of_month
5.0,ID_Z6MM,16:29:20.652747,5,10,23
5.0,ID_7IB3,11:28:07.780402,5,10,26
5.0,ID_JR8K,11:30:19.575654,5,10,26
5.0,ID_IDAV,10:34:55.071854,5,4,5
5.0,ID_7JVL,14:51:13.268049,5,4,5
3.0,ID_RY9N,13:19:08.877076,5,4,17
2.0,ID_5SM9,17:18:06.151314,5,7,6
,ID_NEQG,08:47:20.494901,4,8,16
2.0,ID_N7KH,11:48:36.428428,4,8,25
2.0,ID_PTSN,08:10:52.279591,4,9,22
2.0,ID_UTI2,15:25:43.800262,4,10,1
4.0,ID_EY3D,12:09:59.303830,4,11,5
2.0,ID_X8ZV,08:36:42.812204,4,11,12
,ID_8F65,08:14:58.126057,4,11,18
1.0,ID_E7A3,07:28:33.809455,4,12,20
2.0,ID_Z3KJ,14:15:20.408372,4,12,17
5.0,ID_G880,11:13:38.273095,4,12,30
4.0,ID_81CM,09:04:42.892321,4,1,25
5.0,ID_6UVW,09:11:30.914730,4,1,18
5.0,ID_RIFS,12:50:01.385931,4,2,9
2.0,ID_20QL,10:33:41.190120,4,2,19
2.0,ID_M6X6,12:46:04.718918,4,3,6
2.0,ID_VXPF,07:43:21.516819,4,3,20
1.0,ID_LZRD,08:16:45.434928,4,3,30
1.0,ID_WOOH,09:20:24.897215,4,4,2
5.0,ID_Z829,09:18:19.123467,4,4,2
1.0,ID_NVX3,10:04:54.940261,4,4,10
2.0,ID_HOZ3,08:37:47.664885,4,5,10
2.0,ID_HHYP,06:59:45.853170,4,5,15
2.0,ID_R97T,08:38:00.919023,4,6,5
1.0,ID_22WI,09:09:39.372550,4,6,7
2.0,ID_K7ZU,11:37:28.120773,4,7,13
2.0,ID_DBCO,08:56:34.689879,3,8,17
,ID_IQMY,09:50:47.776202,3,8,31
3.0,ID_9RIT,08:23:50.106995,3,9,6
,ID_13GX,07:58:11.229454,3,9,14
4.0,ID_F3TO,10:59:13.166777,3,9,21
,ID_A8QW,08:02:55.690252,3,9,27
2.0,ID_4IVA,11:06:17.182568,3,10,10
2.0,ID_RG6P,11:59:31.298640,3,10,3
,ID_J6VS,12:58:12.332310,3,10,3
5.0,ID_K8O7,14:26:18.615021,3,10,4
4.0,ID_5QSJ,07:33:20.653611,3,10,12
2.0,ID_TUSP,07:59:47.501708,3,10,17
5.0,ID_QETJ,08:29:07.849011,3,10,19
5.0,ID_7HKO,08:13:20.968687,3,10,26
2.0,ID_Z900,06:55:59.894428,3,11,2
2.0,ID_2MAO,10:00:40.315134,3,11,7
5.0,ID_PUDU,10:34:43.526142,3,11,9
2.0,ID_WP2W,13:19:51.298372,3,11,14
,ID_I8XE,08:04:11.179375,3,11,15
1.0,ID_2Q87,12:59:32.142196,3,11,16
,ID_1WM1,13:34:52.713575,3,11,22
2.0,ID_N048,07:25:21.339309,3,11,30
3.0,ID_AKY2,08:16:01.823011,3,12,1
4.0,ID_ZEOE,08:18:34.558951,3,12,1
,ID_S3A0,10:49:45.639545,3,12,7
2.0,ID_SP1U,07:00:36.338954,3,12,14
2.0,ID_WXGL,13:40:58.351933,3,12,12
2.0,ID_L4XI,11:50:50.164523,3,1,4
2.0,ID_ZZKK,06:37:20.976665,3,1,18
2.0,ID_VIQ1,07:02:45.277338,3,1,25
2.0,ID_FE45,06:49:03.632824,3,2,9
,ID_KFKU,13:25:14.163017,3,2,23
3.0,ID_UD7C,14:34:29.748975,3,3,20
3.0,ID_7GVR,11:58:18.184638,3,5,1
2.0,ID_V2LR,09:36:57.499448,3,5,22
4.0,ID_LOO5,10:48:08.714008,3,6,12
5.0,ID_AL0Q,10:20:23.590520,3,6,19
2.0,ID_70AO,14:41:17.104046,3,6,25
1.0,ID_NTRF,10:57:20.706090,3,7,15
2.0,ID_YV8T,06:08:26.103791,3,7,24
2.0,ID_9CDA,11:20:39.687235,2,8,7
1.0,ID_C1US,10:14:38.653284,2,8,14
3.0,ID_F1VZ,09:19:23.539363,2,8,28
2.0,ID_A74U,13:35:18.012181,2,9,11
4.0,ID_J25H,12:10:40.844572,2,9,18
4.0,ID_GOJM,11:40:57.238143,2,10,4
4.0,ID_OQBH,12:07:42.331078,2,11,15
4.0,ID_Y3QI,14:47:21.360371,2,11,22
4.0,ID_23W7,11:37:16.911606,2,11,30
3.0,ID_3MK5,11:19:49.045821,2,12,13
2.0,ID_406V,10:56:33.362923,2,12,27
3.0,ID_LGNV,13:05:02.178203,2,1,3
3.0,ID_PNAQ,15:29:29.818247,2,2,1
2.0,ID_J1DN,13:24:47.971218,2,2,14
1.0,ID_4ZAC,09:12:49.431224,2,2,28
2.0,ID_Q3F6,09:39:55.039373,2,3,12
1.0,ID_6FNJ,09:18:18.417581,2,3,25
1.0,ID_Q2AQ,14:29:14.964640,2,4,1
1.0,ID_71PM,13:44:59.420677,2,4,8
3.0,ID_GZ7Z,07:27:08.256013,2,4,23
2.0,ID_FMYJ,16:52:51.170301,2,4,29
1.0,ID_YEJW,11:57:01.875343,2,5,7
1.0,ID_EHBF,10:07:18.970368,2,5,14
1.0,ID_21DG,12:43:38.934850,2,5,20
1.0,ID_0G4L,13:23:51.318353,2,5,27
3.0,ID_KRWI,12:05:19.610675,2,6,4
1.0,ID_R326,13:58:46.559920,2,6,18
3.0,ID_ZXUY,13:46:53.560291,2,6,25
4.0,ID_BYHB,13:34:16.567863,2,7,2
1.0,ID_HJAO,09:51:35.684084,1,8,6
3.0,ID_JUB6,13:31:31.605069,1,8,13
2.0,ID_7QFL,13:16:05.218674,1,8,20
1.0,ID_HAQH,11:55:38.695056,1,8,27
5.0,ID_QR5X,13:29:18.602554,1,9,3
4.0,ID_4EIQ,16:23:18.115465,1,9,17
4.0,ID_EUC8,17:57:28.095160,1,9,24
2.0,ID_SEBQ,15:31:53.778087,1,11,7
1.0,ID_XNC8,13:05:42.899674,1,11,14
2.0,ID_QEGV,12:06:26.604942,1,11,21
2.0,ID_OD7E,15:10:26.255064,1,12,5
5.0,ID_BYCA,11:48:00.594686,1,12,12
1.0,ID_3MFP,08:02:13.674641,1,12,26
4.0,ID_TTTU,07:01:31.546360,1,1,2
5.0,ID_ATLA,05:42:08.748456,1,1,9
4.0,ID_C4OY,13:56:15.482834,1,1,9
3.0,ID_PYJ8,06:02:57.186368,1,1,16
4.0,ID_BD1D,14:05:11.332072,1,1,23
1.0,ID_Y0JN,07:41:30.065553,1,1,30
5.0,ID_US7B,12:17:33.594574,1,2,7
1.0,ID_BT7V,10:08:03.365241,1,2,14
5.0,ID_D4HN,11:54:45.515949,1,2,28
4.0,ID_41BL,14:01:30.950198,1,3,4
4.0,ID_M31L,12:59:55.992321,1,3,11
5.0,ID_UGFQ,08:47:22.257135,1,4,1
2.0,ID_L41C,09:34:57.035251,1,4,8
4.0,ID_2F1J,09:54:57.702275,1,4,15
