Transaction_ID,Bills & Fees,Data & WiFi,Education,Emergency fund,Family & Friends,Going out,Groceries,Health,Loan Repayment,Miscellaneous,Rent / Mortgage,Shopping,Transport & Fuel
ID_00x9h2yx,0.10319825,0.030292809,0.0063058487,0.042117663,0.07996768,0.002172443,0.0020200012,0.0019530249,0.007767041,0.0043326817,0.009993986,0.7082896,0.0015889872
ID_01db594f,0.0020133296,0.00081602903,0.00020038486,0.0010348548,0.000512355,0.99123573,0.0006279927,0.00010132432,0.0007827273,0.0020047606,8.097192e-05,0.00038594485,0.00020355484
ID_07pm99no,0.004542898,0.020655863,0.010495562,0.0022546442,0.0077869655,0.33579183,0.056950655,0.007085839,0.010101307,0.18464273,0.010012008,0.008017094,0.34166262
ID_09jryhkd,0.019201826,0.78985226,0.0005423361,0.004491541,0.0007288527,0.00093238696,0.0013297993,0.006395604,0.00049190474,0.17271331,0.00063877925,0.001547278,0.0011340642
ID_0ccv924c,0.10617298,0.12330975,0.0008088915,0.72062284,0.0024144286,0.0015694947,0.004624432,0.0023180803,0.0012503638,0.0038185364,0.011957887,0.018704992,0.0024273759
ID_0ivttwce,0.030638414,0.6850954,0.018728988,0.019845087,0.03850609,0.07794541,0.024209173,0.0086045265,0.012053115,0.010498902,0.008630439,0.031870686,0.03337373
ID_0j1e3hks,0.0038736295,0.991941,6.9211594e-05,0.00060705305,9.843614e-05,5.125472e-05,0.00040962893,0.0005472423,6.277567e-05,0.0011803434,8.1519385e-05,0.0007717166,0.00030616554
ID_0jf2pe3w,0.35861444,0.020350102,0.019400027,0.025945446,0.016111342,0.08365833,0.06300363,0.01624172,0.017596034,0.12438661,0.022849914,0.1380295,0.09381286
ID_0mm4hawe,0.00044624618,0.98806494,0.0001469362,0.00072197185,7.9203644e-05,0.00016614934,0.0047875526,0.002515581,0.000118260614,0.0002183438,0.00025537983,0.00053999986,0.0019394314
ID_0nd2x27b,0.0022754038,0.0023790284,0.00077066483,0.00015779317,0.009171824,0.0010910783,0.0049690837,0.00034401802,0.0008652733,0.96568775,0.0008087582,0.00068820635,0.0107911015
ID_0s0y8i8f,0.003391116,0.009801053,0.00075485586,0.00015455628,0.0053141396,0.0010686965,0.018802239,0.0023389764,0.0008475235,0.95136136,0.00079216773,0.0006740888,0.0046991603
ID_0s394wg4,0.5538296,0.0021310756,0.0015373603,0.0010560612,0.007142973,0.034439903,0.058753442,0.0006574045,0.001378458,0.0016309936,0.0008864206,0.0011314033,0.33542487
ID_0s8q8hnm,0.004780766,0.027905835,0.00031105062,0.94759303,0.0011223862,0.0017707748,0.0045293244,0.0011102319,0.0050381483,0.0002649338,0.0028869484,0.0011314827,0.0015550558
ID_0vu9s4tx,0.0027715608,0.9953408,4.1422863e-05,0.00036331866,6.6489e-05,4.0447638e-05,0.00010696324,0.0004884869,3.7570982e-05,0.0005232777,4.8789025e-05,8.4190695e-05,8.6618165e-05
ID_0wzvo8c5,0.008062456,0.9851482,0.00014485586,0.0012705276,0.0006028649,9.459911e-05,0.00099966,0.0010093661,0.00015327256,0.0018903437,0.00018769642,0.00020027759,0.00023581594
ID_11ep14g6,0.0053637205,0.011016341,0.0004573027,0.000104476516,0.93627155,9.8195196e-05,0.00028691054,0.00014163417,0.000531257,0.00022273959,0.00020153035,0.04478883,0.0005155638
ID_16dyyfqo,0.0018201895,0.9808148,0.00075792824,0.0022380943,7.737639e-05,0.00025734535,0.0015673442,0.0013681471,0.00016463334,0.0003210917,0.00024856522,0.0017817949,0.008582717
ID_16gprxbc,0.0026017867,0.001169402,0.00014509041,3.230989e-05,0.00031731336,0.00012196056,0.97039616,0.0015229421,0.00021996324,0.023057112,0.0001522621,9.002281e-05,0.00017367036
ID_16lij9xh,0.020539124,0.58921224,0.002031561,0.017369017,0.0052821375,0.004038377,0.051863186,0.006294941,0.0022809596,0.2940223,0.0021319794,0.0012605026,0.0036736894
ID_1bx9fazh,0.13628665,0.000935095,0.00073398795,0.002556588,0.84570575,0.0006821971,0.000530349,0.0002651152,0.00290393,0.0029306074,0.0031885796,0.001830698,0.0014504003
ID_1c6j4d07,0.00017122834,0.9930534,6.955688e-05,0.00034176846,3.749354e-05,6.8529596e-05,0.0027667054,0.0011287543,5.598239e-05,0.001762342,0.00012089221,0.00025780278,0.00016557873
ID_1d5k5ykd,0.027970776,0.79237324,0.0059708594,0.033959214,0.02646942,0.005873213,0.018203408,0.008192975,0.0034919174,0.0036837214,0.0035294888,0.018680952,0.05160088
ID_1hsh1z4x,0.04129976,0.0014361234,0.009101782,0.008324522,0.0013708108,0.41824138,0.05214844,0.0058759046,0.0031401608,0.37091804,0.0018927203,0.07835408,0.007896254
ID_1hzu14dt,0.0113363005,0.0026568968,0.0046225255,0.0024998756,0.0014794727,0.0062701236,0.2621399,0.006117186,0.0029206027,0.48744655,0.004409554,0.015344338,0.19275665
ID_1iab3bqm,0.01677117,0.39181083,0.0059010936,0.37843385,0.026160147,0.0058045876,0.0069221896,0.008097245,0.0036590719,0.003640681,0.07325566,0.019894047,0.0596494
ID_1idktyre,0.33710346,0.5510514,0.0019502206,0.01412523,0.01658512,0.0007447719,0.04076209,0.01774028,0.0029566174,0.01079881,0.0020466184,0.0028837419,0.0012516663
ID_1jaoyv9g,0.0049400455,0.0011926402,0.001455385,0.00018743477,0.001712537,0.94025666,0.008129308,0.00094624714,0.0006768304,0.016933063,0.001461594,0.0010033579,0.021104867
ID_1jnjzhdr,0.012248517,0.9739101,0.00026015379,0.0022818018,0.00186362,0.00017877993,0.002714888,0.0012154311,0.00027526973,0.004013764,0.00033709322,0.00035968804,0.00034095588
ID_1uh3vz8w,0.04601938,0.0013964915,0.0012224631,0.0005363238,0.0053959857,0.8263948,0.016104156,0.00081140496,0.00054749416,0.017383605,0.0007784526,0.001617541,0.08179187
ID_1yj8z7bp,0.009753546,0.9842271,0.0008060765,0.0017663004,5.3896638e-05,0.00022048129,0.0006196494,0.0003523068,0.00010306036,0.00019424627,0.00015560167,0.00041859157,0.0013291495
ID_1ztrnc7z,0.000603544,0.0024676926,0.0013304163,0.0002857985,0.00070012896,0.012330688,0.01748507,0.0008981997,0.0012804399,0.028664984,0.0012691204,0.0019152139,0.9307687
ID_225w0wj5,0.051802363,0.53654987,0.0014340404,0.008156093,0.05975784,0.00033581664,0.002597186,0.0013122499,0.0015674199,0.0007494372,0.00063197233,0.33368638,0.0014193942
ID_24i4hqpu,0.042893957,0.65720886,0.0036760503,0.0006353736,0.011342421,0.008305605,0.13358766,0.046419214,0.009181948,0.006739645,0.007028737,0.0032158215,0.06976469
ID_24tnwq38,0.14684117,0.08757216,0.0026278573,0.4147253,0.23735662,0.0017473795,0.032682855,0.0054510864,0.00786088,0.003155587,0.034848016,0.017348375,0.007782711
ID_287cta3i,0.24078262,0.27140716,0.003645367,0.18388712,0.10371739,0.0026435095,0.1369805,0.0075617568,0.009945665,0.0036603622,0.0053737843,0.01959859,0.010796187
ID_28qzu2wn,0.005940748,0.36324242,0.0008739031,0.012115759,0.002484951,0.00042274795,0.0614149,0.0034730798,0.00074890174,0.54108226,0.0009170994,0.003978607,0.0033045977
ID_29d3uapu,0.38062027,0.0020582872,0.0014848514,0.001012055,0.0076582623,0.023214165,0.5485642,0.00082963373,0.0018829462,0.0029861687,0.0008561442,0.0010927593,0.027740264
ID_2eqzpegq,0.034008943,0.54879355,0.001331368,0.011026177,0.0053470875,0.0011755563,0.010301623,0.0092770625,0.0014087249,0.37085357,0.0017251146,0.0025838646,0.0021673795
ID_2gonme5r,0.9152833,0.009049322,0.00087149435,0.00014356946,0.029627932,0.00097621366,0.022082021,0.009616918,0.0021767973,0.0062271818,0.0016663277,0.0013930273,0.0008858476
ID_2h89w814,0.0045324108,0.9253876,0.0016575477,0.0003393819,0.0050997986,0.0032949043,0.011897774,0.0007399148,0.0018610317,0.032729693,0.0017394789,0.0010284417,0.00969201
ID_2i284yic,0.00016443685,0.9914689,0.00013284663,0.00031181696,0.00064371864,0.00125039,0.00017460728,0.0007223807,6.178066e-05,0.001647108,0.0001334134,0.000102646525,0.003185985
ID_2rc2fy5t,0.00037684775,0.0005925925,0.000113309594,2.5232684e-05,0.00023920958,9.524614e-05,0.98491293,0.0008603648,0.00017178217,0.012293906,0.00011891039,7.030408e-05,0.00012930481
ID_2xuwrm2w,0.92153126,0.000617651,0.0005755526,0.0026280612,0.023524294,0.034131974,0.002070429,0.0012927396,0.00061793585,0.0015324544,0.0003724585,0.010579432,0.0005257351
ID_32k5anyk,0.012541692,0.92427,0.0010031014,0.008576107,0.0009192737,0.00614902,0.0033130785,0.011779088,0.0009654214,0.025769312,0.0009568867,0.00076622475,0.0029907788
ID_32k6k4ir,0.99493825,0.00082067726,0.00058908097,5.986861e-05,0.00055559416,8.425984e-05,0.0011892557,0.0006784038,0.00014927275,0.00025502182,0.00021253218,0.00026242045,0.00020534618
ID_33etgqjz,0.76298374,0.00097458565,0.00070306746,0.033085342,0.003266633,0.015750093,0.02686919,0.000300645,0.0006303978,0.0011166217,0.00040537876,0.0005174144,0.15339687
ID_33oqiv0p,0.6663794,0.0007270972,0.0012017058,0.0021715707,0.012443703,0.31099582,0.0009163848,0.0005429685,0.0005234865,0.001680095,0.00048674122,0.00087566476,0.0010553381
ID_35tlah5e,0.021455238,0.60410976,0.001966959,0.016816696,0.004123249,0.00390996,0.042021822,0.0060947672,0.002208427,0.2897814,0.002064184,0.0012204195,0.0042271144
ID_3c5vnugx,0.97635514,0.0055597913,0.00039206084,0.0008075235,0.00062930817,0.00038283085,0.005236087,0.0035659198,0.00035560338,0.004893057,0.0004617806,0.0007968515,0.00056408404
ID_3co0g0b1,0.7060265,0.13584599,0.00843579,0.00095620076,0.095827386,0.0043567647,0.008417272,0.0057004695,0.0052434118,0.0068307524,0.004900942,0.0032360086,0.014222523
ID_3jnvetig,0.065450795,0.102220215,0.0008464852,0.8091637,0.0013796081,0.002035379,0.0068841707,0.001711187,0.0008576318,0.0008702527,0.0043413076,0.0022190006,0.002020316
ID_3kanjiwh,0.026888508,0.34073427,0.0012895397,0.0068913493,0.002713401,0.001083965,0.027549524,0.0041941456,0.0019549972,0.58248556,0.0013532806,0.00080010726,0.0020613824
ID_3khkxxrg,0.6002907,0.014634698,0.020254945,0.0049887253,0.016670126,0.120193355,0.004161706,0.0024596993,0.0023668215,0.009393234,0.0026363179,0.0047720093,0.19717763
ID_3r9jjv69,0.048050676,0.006028225,0.022602754,0.005566983,0.013257459,0.4072127,0.006735639,0.0026942054,0.0026411677,0.21315917,0.0029419009,0.018116945,0.25099212
ID_3re1tikk,0.0006667291,0.99011797,0.0001525083,0.00035796667,0.00061369326,0.001435451,0.0004987419,0.000829295,7.092437e-05,0.003714729,0.00015315894,0.00022304247,0.0011658553
ID_3rtah7yu,0.018639497,0.5522097,0.0020016804,0.01711355,0.0052044466,0.004187062,0.046784297,0.006202354,0.0022474108,0.33760807,0.0021006218,0.0012419628,0.0044593536
ID_3yppy2ju,0.2772569,0.7054486,0.0009568273,0.0026454714,0.0019877474,0.00021818322,0.004979288,0.002981506,0.00042561928,0.0006003814,0.00081657316,0.0012705948,0.0004123092
ID_40u68xpe,0.022217,0.007497151,0.008722259,0.0050034253,0.20363271,0.48178127,0.032498997,0.07093125,0.00644268,0.05030617,0.0037640007,0.10444949,0.002753564
ID_414obsy0,0.009804654,0.9307277,0.00074446923,0.005392107,0.00047772104,0.0005912427,0.024960848,0.017346755,0.00096748106,0.0022234893,0.00071016984,0.002252549,0.0038007817
ID_416hrvpe,0.0022754038,0.0023790284,0.00077066483,0.00015779317,0.009171824,0.0010910783,0.0049690837,0.00034401802,0.0008652733,0.96568775,0.0008087582,0.00068820635,0.0107911015
ID_43glvgyg,0.0005540923,0.9923677,0.00013296706,0.0003120996,0.000521895,0.001341909,0.00035165058,0.000758452,6.183667e-05,0.00082007627,0.00013353434,5.990689e-05,0.0025839014
ID_43xe0u4c,0.041206665,0.6216861,0.0047962945,0.0026825862,0.2909103,0.0013496971,0.0060758707,0.0047746166,0.0056164335,0.0018323349,0.003119021,0.0028696796,0.013080398
ID_43xyvyhs,0.02521974,0.0019360683,0.0018765295,0.012932535,0.8876195,0.005593505,0.011075564,0.006001428,0.0029065686,0.011302861,0.0010819804,0.001589609,0.030864116
ID_447qwpu7,0.00017279324,0.99309087,0.00013306396,0.00031232706,0.00066103565,0.0012524355,0.00021219948,0.0007235625,6.1881736e-05,0.0020344125,0.00013363166,0.00019460525,0.0010172125
ID_46djzo7m,0.7054356,0.01364407,0.00077173114,0.092045635,0.163418,0.0004465751,0.0026911478,0.0010912982,0.002924345,0.010901753,0.0033525429,0.0021858343,0.0010914943
ID_46m7z544,0.0016963208,0.96803826,0.00025498547,0.012862503,0.00019936486,0.00088037,0.012115044,0.00086736033,0.0003268913,0.00017924597,0.0003416778,0.0011481718,0.0010898766
ID_4b8k3gms,0.13275415,0.0025529622,0.0004418512,5.42373e-05,0.8591739,0.00013115437,0.0005229232,0.0002475399,0.00025444195,0.0005278972,0.0003308161,0.0025956943,0.00041246417
ID_4cdhz7zg,0.00346158,0.9624707,0.0004568146,0.001072233,0.016716247,0.0013672247,0.00094028166,0.0054096137,0.00026305873,0.0042040595,0.00050469214,0.00021071166,0.002922791
ID_4fq99m18,0.0027972572,0.0014228984,0.0017363712,0.00022362193,0.0020431685,0.0036092696,0.0023637752,0.0011289357,0.0008075037,0.020993974,0.001743779,0.0019338614,0.9591956
ID_4grory4k,0.015836218,0.034965105,0.0026431375,0.0003244457,0.847481,0.008193265,0.009627949,0.009944754,0.0015220623,0.05443492,0.0029201587,0.0038245474,0.00828238
ID_4jb2bq7j,0.0023916904,0.008117985,0.003250517,0.00039900164,0.015513206,0.03280435,0.0015752027,0.0022766965,0.0015116611,0.009935182,0.0032643846,0.0014644858,0.9174956
ID_4lvxf0we,0.02178684,0.9132146,0.0005701903,0.011307963,0.009175126,0.0005599599,0.0011010129,0.011528134,0.00032834662,0.027989186,0.00042690418,0.00060096243,0.0014106923
ID_4lxfuit2,0.0022754038,0.0023790284,0.00077066483,0.00015779317,0.009171824,0.0010910783,0.0049690837,0.00034401802,0.0008652733,0.96568775,0.0008087582,0.00068820635,0.0107911015
ID_4m3vtc2f,0.08321841,0.032508805,0.006945186,0.0003603211,0.83237743,0.0014033695,0.006048056,0.011154778,0.0016903636,0.0023004878,0.003243054,0.0031263547,0.015623356
ID_4p8l0pmb,0.029283341,0.0008805008,0.000667572,0.0022063393,0.95522475,0.0007043845,0.0012088992,0.00024112611,0.0026411635,0.0008008118,0.0029000565,0.0016650447,0.0015760043
ID_4qtv6bfv,0.0008386939,0.99166554,0.00036093607,0.001065812,3.68477e-05,0.00014125276,0.0006023569,0.00061756774,7.840067e-05,0.0026744457,0.00011837019,0.00086861494,0.0009311829
ID_4r8in07g,0.05308075,0.001412006,0.0035060265,0.0007760484,0.009166205,0.7633626,0.11024775,0.005706647,0.002491615,0.03393005,0.004064243,0.010699744,0.0015563878
ID_4w2ihmx4,0.13892911,0.03927366,0.0019771666,0.29064804,0.37395683,0.0020519732,0.024151284,0.0041781245,0.084739305,0.0025684156,0.0201878,0.011482629,0.005855613
ID_56sazjky,0.014455633,0.6062128,0.0014997737,0.008014847,0.0085234,0.0008978831,0.116128914,0.006072027,0.0022737207,0.22676857,0.0015739063,0.0015422606,0.006036237
ID_57nmx2uz,0.002312227,0.008189793,0.0006129412,0.00012549934,0.0012848816,0.001218416,0.013094785,0.0018992434,0.00068818714,0.9682332,0.0006432384,0.00038030537,0.0013172473
ID_5chd4yjo,0.97635514,0.0055597913,0.00039206084,0.0008075235,0.00062930817,0.00038283085,0.005236087,0.0035659198,0.00035560338,0.004893057,0.0004617806,0.0007968515,0.00056408404
ID_5ftrvtn3,0.0012273204,0.9891594,0.00030669404,0.0034342636,0.0012800648,0.00026614193,0.0005688751,0.00042083292,0.00016875453,0.00018921487,0.00018129271,0.00014665186,0.002650486
ID_5io6ec10,0.5703491,0.031763844,0.0027945389,0.0035622062,0.18628234,0.0013455867,0.14395167,0.030107396,0.002956911,0.012029654,0.0036210124,0.009093879,0.0021418605
ID_5iudvchf,0.1062493,0.8469305,0.00073621795,0.0053323465,0.00047242627,0.0017861755,0.0155808,0.017154494,0.0009567577,0.0029076403,0.00070229877,0.00064258976,0.00054843654
ID_5o7t5mf8,0.0007286939,0.9904705,0.0003135972,0.00092602405,3.2014927e-05,0.00026355174,0.0006293709,0.00053656986,6.8117995e-05,0.004027284,0.0001028452,0.0010923938,0.00080905244
ID_5q01mlnm,0.0072995448,0.0004999325,0.00059359876,0.003919131,0.009091932,0.84624785,0.0025826914,0.002758041,0.0006373109,0.0046414686,0.00038413677,0.118016526,0.0033278163
ID_5qc4t6x8,0.00014221351,0.99469733,6.0607086e-05,0.00029779354,3.1865526e-05,0.0001321723,0.0015603296,0.0014986193,4.8779202e-05,0.0011452498,0.00010533716,9.502779e-05,0.00018465416
ID_5uk0yvur,0.017036585,0.65810394,0.0021876367,0.110353276,0.0017104421,0.0062362924,0.17083958,0.0074414797,0.0029002049,0.001537833,0.0029314097,0.009370769,0.009350549
ID_608818ir,0.020331988,0.0020212908,0.0003939351,4.8355574e-05,0.97258943,0.00018754874,0.0010507456,0.0012697149,0.00022684918,0.0007235232,0.00043522238,0.00028145488,0.0004399014
ID_61m46502,0.5538296,0.0021310756,0.0015373603,0.0010560612,0.007142973,0.034439903,0.058753442,0.0006574045,0.001378458,0.0016309936,0.0008864206,0.0011314033,0.33542487
ID_6407qdjh,0.009851242,0.9351502,0.0007480067,0.0039973757,0.00047999102,0.0005053908,0.018283423,0.01742918,0.0009720782,0.0024108985,0.0007135443,0.0022632524,0.007195397
ID_65ansnya,0.0025892514,0.00055605505,0.0005552464,0.00011927742,0.00039773135,0.9739328,0.012526194,0.0007485401,0.0005343892,0.0051435153,0.00052966503,0.0004208567,0.0019464997
ID_66nu0fqw,0.079422496,0.0045354962,0.0035648833,0.0015640003,0.5448228,0.17202403,0.0059292177,0.0018180523,0.0021998035,0.16082153,0.002497351,0.007833848,0.012966458
ID_6d5p9y2e,0.004710075,0.9357866,0.0004574317,0.0037883762,0.00055663195,0.0005964248,0.002613168,0.0036168215,0.0004148955,0.037737817,0.0005387763,0.0071594766,0.0020235016
ID_6d9wplkp,0.0026043023,0.98661697,0.0003669852,0.00108595,0.0018231103,0.00073261093,0.0014380711,0.0021053024,0.00017066729,0.00076555426,0.00036855086,0.00040872532,0.0015132007
ID_6dl8znxv,0.0008910596,0.99360484,0.00036558253,0.0010795326,5.434306e-05,0.00038971877,0.0004418268,0.0006255179,7.9409954e-05,0.0009874706,0.000119894015,0.0001405589,0.001220286
ID_6fnnqrnu,0.0007198916,0.024028484,0.0002499035,5.1167615e-05,0.00056974974,0.0004967631,0.9594991,0.0042009153,0.00028058232,0.008949061,0.00026225604,0.00015505515,0.0005370578
ID_6ggrcqnv,0.00057512213,0.9181824,0.0012843687,0.00015765644,0.006380491,0.0034860142,0.0021914737,0.007368102,0.00059729884,0.0026163927,0.0012898482,0.00143045,0.054440442
ID_6jitepjj,0.05059525,0.07774553,0.0012335461,0.0021037825,0.009348255,0.0012503467,0.8445288,0.0046736235,0.0041910037,0.0009588487,0.0009980485,0.0006289453,0.001744092
ID_6kg9z3bf,0.068272,0.026927652,0.0073479842,0.076445244,0.60415614,0.053560752,0.10006864,0.002696285,0.0051565515,0.0043427325,0.019157479,0.011577329,0.02029125
ID_6kl016y9,0.004211147,0.018702272,0.004720189,0.042381108,0.77941084,0.04676621,0.026533352,0.0015864271,0.0070494525,0.0031792286,0.03160556,0.012763693,0.021090478
ID_6ldaoy9h,0.030638414,0.6850954,0.018728988,0.019845087,0.03850609,0.07794541,0.024209173,0.0086045265,0.012053115,0.010498902,0.008630439,0.031870686,0.03337373
ID_6lnwp36g,0.3622694,0.6112008,0.0005825123,0.0081011765,0.0019411274,0.00030115902,0.005984452,0.0051732427,0.0004701757,0.001931675,0.0006113054,0.001027588,0.00040534692
ID_6ncjvz4j,0.011372623,0.004501377,0.020269118,0.007835212,0.0013207957,0.021974258,0.8137606,0.0061659403,0.0029555839,0.030445648,0.0017814672,0.06664934,0.01096806
ID_6pf47p35,0.011165808,0.97227603,0.0010010846,0.002956113,0.00029730768,0.00047374755,0.002941835,0.0010927824,0.0002536741,0.0055956943,0.0003611773,0.00027473425,0.0013099796
ID_70jnf39t,0.0777315,0.81151307,0.0005540565,0.0013004785,0.088184185,0.0005957316,0.001899637,0.0021196813,0.00031905586,0.012880504,0.0006121256,0.0005538649,0.0017361587
ID_78p20ub3,0.0492792,0.5501094,0.006657162,0.00041039582,0.34451494,0.0015983994,0.007195442,0.012704989,0.0019252778,0.0028595394,0.0036937494,0.003560832,0.0154906595
ID_7h5ajzbw,0.8453906,0.0027318273,0.00026759034,0.1324531,0.0002327414,0.00040743742,0.0008838068,0.003127665,0.00034774904,0.012899268,0.00025526172,0.00020440032,0.0007985561
ID_7l35iq1t,0.10280136,0.35717103,0.0053793807,0.3449767,0.019316724,0.005291407,0.011737406,0.007381371,0.003335575,0.0033188101,0.06677917,0.018135224,0.054375827
ID_7nnco8o0,0.1420332,0.005009825,0.0103871245,0.022745648,0.010336589,0.011287775,0.3641713,0.008696108,0.009421234,0.22792272,0.008159881,0.10545167,0.07437694
ID_7p66c9jw,0.97635514,0.0055597913,0.00039206084,0.0008075235,0.00062930817,0.00038283085,0.005236087,0.0035659198,0.00035560338,0.004893057,0.0004617806,0.0007968515,0.00056408404
ID_7s4cdh78,0.97635514,0.0055597913,0.00039206084,0.0008075235,0.00062930817,0.00038283085,0.005236087,0.0035659198,0.00035560338,0.004893057,0.0004617806,0.0007968515,0.00056408404
ID_7syp5e2f,0.015509367,0.9704075,0.0009880547,0.0029176371,0.0003087633,0.00046758115,0.0016017993,0.0021480506,0.00025037245,0.0033767743,0.00035647632,0.0002711585,0.0013964761
ID_7tb19a9v,0.13293163,0.06495431,0.0022106555,0.012573085,0.75914484,0.0006732738,0.0057297596,0.0020229088,0.0027513956,0.0015310945,0.0014375864,0.008258014,0.0057814904
ID_7vujq4el,0.002312227,0.008189793,0.0006129412,0.00012549934,0.0012848816,0.001218416,0.013094785,0.0018992434,0.00068818714,0.9682332,0.0006432384,0.00038030537,0.0013172473
ID_7xnl1kwl,0.004479112,0.013348721,0.006091043,0.0026188544,0.02171893,0.8028144,0.039653584,0.00216788,0.0027391114,0.0016173,0.0019981344,0.0026624876,0.09809037
ID_7yvz13nq,0.0018971257,0.79429287,0.000521434,0.0029656517,0.0019576335,0.0004973694,0.00083347294,0.000715491,0.00027998182,0.00021577571,0.00020888067,0.19385566,0.0017586681
ID_807vl0zu,0.00054378447,0.9785559,0.00022500764,0.0019470021,0.00012704084,0.00063455576,0.006697507,0.0032591647,0.00022341934,0.0066606677,0.00031672991,0.0002872761,0.0005218778
ID_81rystyl,0.055805076,0.817868,0.0032526709,0.0016766003,0.0052630114,0.0038249001,0.06300186,0.001425276,0.0023974474,0.022324888,0.0034134476,0.0018776675,0.0178691
ID_846kyzn4,0.11230232,0.8647166,0.00070729596,0.00288213,0.0015102837,0.00032945484,0.0038491248,0.006742851,0.00046369436,0.00068199687,0.0008896222,0.0028988665,0.0020257132
ID_84d14w4i,0.9399581,0.03719249,0.00049268553,0.0010147791,0.0009131396,0.00048108664,0.006579959,0.0044811335,0.00044687107,0.0061492,0.00058029924,0.001001368,0.0007088595
ID_87hehlr7,0.0042740894,0.92787707,0.000749589,0.006408677,0.0005380333,0.0045949845,0.006218648,0.0044196616,0.00072143145,0.04116905,0.00071505376,0.0005725779,0.0017411163
ID_8c4rqlwv,0.005590563,0.0016362804,0.0013713624,0.00172021,0.001272035,0.00056064414,0.9223955,0.0013016262,0.0011752053,0.060789004,0.0009598683,0.00082019053,0.00040751358
ID_8jnymxl0,0.00026635564,0.0011879818,0.0006153677,0.00013219254,0.00045655927,0.96040606,0.003533379,0.00041545145,0.00059225206,0.008284682,0.0005870164,0.00047005218,0.023052623
ID_8oyhw5j0,0.22920796,0.4441843,0.00050892256,0.015279218,0.0010051727,0.0010518916,0.0022012447,0.005241237,0.0011569003,0.29745406,0.0005994238,0.0009769617,0.0011326768
ID_8pk4rtlf,0.0006398855,0.9949004,0.00028294296,0.00083550526,3.9971335e-05,0.00030162325,0.00034195228,0.00048412022,6.145944e-05,0.00096610375,9.279205e-05,0.00010878576,0.00094444206
ID_8qifwfzd,0.7005394,0.052569553,0.016653264,0.00169248,0.015706593,0.0019623826,0.044245295,0.019178413,0.004219927,0.09497404,0.0060082646,0.020128699,0.022121646
ID_8sxpos2x,0.00054378447,0.9785559,0.00022500764,0.0019470021,0.00012704084,0.00063455576,0.006697507,0.0032591647,0.00022341934,0.0066606677,0.00031672991,0.0002872761,0.0005218778
ID_8uzg6enc,0.062706545,0.863746,0.0006331679,0.006610855,0.00069810863,0.0013394267,0.0039145933,0.010843642,0.0005742901,0.044103377,0.0007457635,0.0035211756,0.0005630846
ID_8xk4sxsy,0.3137312,0.1073316,0.0026679395,0.12535784,0.15895142,0.0030196635,0.15564252,0.0056378576,0.100924045,0.002898027,0.003932919,0.012003542,0.007901418
ID_8xmrih95,0.97635514,0.0055597913,0.00039206084,0.0008075235,0.00062930817,0.00038283085,0.005236087,0.0035659198,0.00035560338,0.004893057,0.0004617806,0.0007968515,0.00056408404
ID_8ycepky1,0.00081546634,0.9945667,0.0002995242,0.00088446774,3.1671636e-05,0.00031929917,0.0004279769,0.00051249075,6.506113e-05,0.0010227195,9.822992e-05,0.0001151609,0.0008412629
ID_8yu3auoc,0.0013094032,0.0026609183,0.0027747364,0.00058109185,0.011565112,0.5613713,0.11840602,0.001873299,0.0022875809,0.0013319737,0.0017654008,0.0014326029,0.29264057
ID_8zf9l9dp,0.0094974255,0.8986903,0.0008871861,0.0047411555,0.00058965903,0.0010419011,0.019578138,0.0073912577,0.0011529494,0.05251093,0.0008463114,0.0014706976,0.0016021375
ID_91rw5dgn,0.8524517,0.06775386,0.0023320583,0.000615752,0.003059145,0.0039965706,0.016542345,0.033371855,0.0022417028,0.0025980163,0.0020154202,0.0029255196,0.010096098
ID_969oonk1,0.00034874867,0.00083694013,0.0001907862,4.2485797e-05,0.0004355238,0.00012420617,0.98558676,0.0014486468,0.00028924,0.01010978,0.00020021661,0.000118375116,0.00026822518
ID_99q50kio,0.9931225,0.002284114,0.00014863361,0.00032119497,0.0010724791,9.706609e-05,0.001176373,0.00010003943,0.0001572698,0.00089267,0.0001925914,0.00020550047,0.00022950675
ID_9ag9mzwa,0.96898055,0.015978362,0.00025463096,0.004143944,0.00034303285,0.00024929977,0.0018032456,0.0056309286,0.00023095304,0.0008379312,0.0002999116,0.001008797,0.00023841657
ID_9au0g3qv,0.4800227,0.4164341,0.0012428318,0.0068011223,0.048762426,0.000809761,0.017021626,0.012812231,0.003295888,0.007004226,0.0016103943,0.0032300767,0.00095256243
ID_9dgp3132,0.021009333,0.96853954,0.00041544047,0.0025993534,0.0005581224,0.00041019634,0.0013683236,0.0015130219,0.00015647474,0.0018942982,0.00033790214,0.0001997725,0.0009981935
ID_9ev40fzw,0.014799819,0.9731564,0.00059844425,0.0008893583,0.001272158,0.0004475712,0.0011094986,0.0015742746,0.0001397712,0.0004536815,0.00030183123,0.00025582392,0.005001403
ID_9gt8l4qn,0.06842462,0.41787207,0.0062936037,0.3197671,0.027900185,0.006190679,0.008466248,0.008635832,0.0039024544,0.003901974,0.033466607,0.03156164,0.06361697
ID_9ozfeujz,0.0042233313,0.9327045,0.00023368467,0.04561411,0.00031866092,0.00052764005,0.00020084414,0.007431269,8.801678e-05,0.0066138743,0.00012880616,0.00015480223,0.0017604715
ID_9pnnrfv6,0.9244293,0.00041713272,0.00047259236,0.009477189,0.0017560167,0.00113879,0.0014094458,0.00040308654,0.00038354564,0.055314653,0.0003712575,0.0007950533,0.0036319538
ID_9tlqnx8r,0.009891601,0.96219426,0.0002987325,0.0014678253,0.0052249124,0.00011206658,0.0060467385,0.0031188133,0.00029771746,0.008953485,0.000571187,0.0010954591,0.000727128
ID_9tohgbcc,0.010205574,0.7162689,0.0013019958,0.010782921,0.03182548,0.0004584837,0.012447391,0.017012881,0.0013776461,0.1388581,0.0016870558,0.055035222,0.002738384
ID_9wnq4n14,0.00028970072,0.018434424,0.00053827115,0.000117030024,0.00030833363,0.0039016912,0.95785505,0.0077620964,0.0005344713,0.00034207758,0.00050535763,0.00019753612,0.009213942
ID_9xtucyfr,0.11816943,0.028758373,0.0019562584,0.032024052,0.78464884,0.000595795,0.0019509059,0.001790117,0.0025814832,0.001531729,0.011443956,0.0094329035,0.00511617
ID_a1fxzkzs,0.0015937199,0.0011967128,0.0014603549,0.00018807482,0.001718385,0.9434675,0.008157068,0.0009494784,0.00067914167,0.016990885,0.0014665851,0.00095522293,0.021176936
ID_a5scqh64,0.063227065,0.8938079,0.002500618,0.0073841014,0.0023584682,0.00026541285,0.007340874,0.0028797889,0.00063365506,0.0014414174,0.00090218807,0.0026785342,0.01458001
ID_aa52gq03,0.01386488,0.06208505,0.0072292904,0.18098687,0.012743857,0.020608526,0.48793852,0.026752083,0.010161557,0.004708439,0.08714333,0.049635656,0.036141887
ID_aclde4g8,0.06588929,0.8949772,0.0013479096,0.006281527,0.0006633315,0.0012519178,0.0037195827,0.010303452,0.00054568116,0.010430644,0.0007086124,0.003345764,0.0005350339
ID_ahm76prh,0.92153126,0.000617651,0.0005755526,0.0026280612,0.023524294,0.034131974,0.002070429,0.0012927396,0.00061793585,0.0015324544,0.0003724585,0.010579432,0.0005257351
ID_aip6vrf0,0.0016963208,0.96803826,0.00025498547,0.012862503,0.00019936486,0.00088037,0.012115044,0.00086736033,0.0003268913,0.00017924597,0.0003416778,0.0011481718,0.0010898766
ID_ajnjqx9i,0.00028255698,0.9846171,0.0006351136,0.00014509971,0.002085688,0.0006247267,0.0018042983,0.00094805576,0.0003591807,0.00030356582,0.00037542777,0.0023304462,0.005488729
ID_an28wf16,0.00075971015,0.9895349,0.00031330096,0.0009251493,3.3128388e-05,0.0002633028,0.00040985126,0.00053606305,6.805365e-05,0.003868653,0.00010274805,0.000393309,0.00279181
ID_aoyfx4p3,0.005480343,0.9771492,0.00071577897,0.00011299122,0.00042552908,0.0042756647,0.0067135682,0.0016035838,0.0005311216,0.00042038306,0.0005264263,0.0005223184,0.0015230791
ID_ap2vfrxp,0.004442717,0.98311156,0.0004068993,0.0031327864,7.0908034e-05,0.00030583917,0.0018221062,0.0043884106,0.00014683591,0.00054212013,0.00021488349,0.00068232155,0.00073263946
ID_aqtgktrm,0.013225064,0.005234589,0.023570675,0.007848687,0.0015003972,0.048604365,0.6796438,0.0103677735,0.0034370073,0.019086529,0.0020716432,0.18389046,0.0015189806
ID_asbi60oe,0.0017435701,0.0025809084,0.00046298673,0.00010577511,0.9479089,9.941571e-05,9.786807e-05,0.0001433946,0.000560136,0.00022550813,0.00020403526,0.04534553,0.000521972
ID_astwqxf1,0.005081669,0.92868054,0.00025804428,0.05975798,0.00016157566,0.0013355442,0.001846936,0.00075502304,0.0005831579,0.00025333746,0.00028004567,0.00012859963,0.0008775075
ID_at5h51go,0.011165808,0.97227603,0.0010010846,0.002956113,0.00029730768,0.00047374755,0.002941835,0.0010927824,0.0002536741,0.0055956943,0.0003611773,0.00027473425,0.0013099796
ID_au4a2nwi,0.029283341,0.0008805008,0.000667572,0.0022063393,0.95522475,0.0007043845,0.0012088992,0.00024112611,0.0026411635,0.0008008118,0.0029000565,0.0016650447,0.0015760043
ID_awhgdb6v,0.005107511,0.98624414,0.00016681904,0.0010333541,0.00010601924,0.00026574402,0.0035320087,0.0022117812,0.00013426316,0.00024270755,0.00028993684,0.00047890248,0.0001868714
ID_ayiedfz4,0.0005021322,0.97652686,0.00019471739,0.00075047155,0.0001605877,0.0007454282,0.011524341,0.003315601,0.0003927784,0.004698907,0.00033842522,0.00035641636,0.0004933489
ID_b04ujx2a,0.73337084,0.006748745,0.0039718933,0.0008532377,0.053131502,0.00241772,0.028306784,0.0036359197,0.004459489,0.061762698,0.004168221,0.005873138,0.09129979
ID_b2d513vd,0.034008943,0.54879355,0.001331368,0.011026177,0.0053470875,0.0011755563,0.010301623,0.0092770625,0.0014087249,0.37085357,0.0017251146,0.0025838646,0.0021673795
ID_b6d2jdee,0.005908877,0.0055182017,0.0038157036,0.068677574,0.0051948754,0.7032052,0.002875517,0.002141058,0.0039688377,0.16480595,0.007770718,0.015367581,0.010749936
ID_b6jxr5cf,0.99491286,0.0008206563,0.00058906595,5.9867085e-05,0.00055557996,8.425769e-05,0.0011892255,0.00070385804,0.00014926893,0.0002550153,0.00021252675,0.00026241376,0.00020534094
ID_b7h8aotw,0.002581483,0.96025705,0.0004788762,0.0040941946,0.00034372354,0.0022641511,0.005497406,0.0028235083,0.00046088774,0.016537726,0.00045681332,0.000689371,0.0035148028
ID_bdbn3k0z,0.0030427645,0.98309267,4.047653e-05,0.0034967372,6.497002e-05,3.9523587e-05,0.0001045196,0.00040919322,3.6712652e-05,0.009457827,4.767441e-05,8.22673e-05,8.463932e-05
ID_besq1432,0.016601494,0.921492,0.0032715385,0.0013723965,0.018465439,0.0032608202,0.0011107308,0.00063110277,0.002182482,0.001404524,0.0008443442,0.0051386277,0.02422455
ID_bf8ybhv0,0.0491372,0.00040314975,0.00055531884,0.00018024401,0.0011750349,0.026365431,0.0018470914,0.00027269137,0.00016919848,0.91688585,0.00017729246,0.0027237548,0.000107729975
ID_bj138bbc,0.008778456,0.076993756,0.00034645802,0.00044163098,0.00054939487,0.0005956324,0.0010073234,0.0027393748,0.00031424116,0.9063387,0.00040806833,0.0009884402,0.00049847225
ID_bj9x3ha5,0.00016465901,0.99280846,0.00013302611,0.00031223823,0.0006445883,0.0013425051,0.0001748432,0.0007587889,6.1864135e-05,0.00082044053,0.00013359365,5.9933504e-05,0.002585049
ID_bjt6coq7,0.011165808,0.97227603,0.0010010846,0.002956113,0.00029730768,0.00047374755,0.002941835,0.0010927824,0.0002536741,0.0055956943,0.0003611773,0.00027473425,0.0013099796
ID_bnkr1g9f,0.015836218,0.034965105,0.0026431375,0.0003244457,0.847481,0.008193265,0.009627949,0.009944754,0.0015220623,0.05443492,0.0029201587,0.0038245474,0.00828238
ID_bnpkz783,0.003499009,0.9769695,0.00051413884,0.0015213939,0.0026661167,0.00028301054,0.0009071533,0.002949486,0.00023910143,0.0006176857,0.00034990755,0.008602663,0.0008808453
ID_bppl0b45,0.40874276,0.018349085,0.0056516128,0.006756961,0.013215196,0.0022039777,0.26509628,0.04688252,0.0048432145,0.2133885,0.005930967,0.005492705,0.0034462616
ID_c0gluanx,0.008984254,0.9796832,0.0008610821,0.0032055827,8.790729e-05,0.00024240569,0.0018309943,0.0015543515,0.00018703991,0.00036479224,0.0002823949,0.002024297,0.0006916406
ID_c1nxj7cx,0.045099057,0.0041366583,0.0058608977,0.0007093313,0.019128868,0.21673754,0.003676572,0.0038105776,0.002406691,0.044640373,0.0039257198,0.004349472,0.64551824
ID_c23yggc2,0.054302666,0.67852825,0.0026018373,0.022244645,0.005212274,0.005171983,0.026443778,0.01605619,0.0029212441,0.17613307,0.0027304436,0.0016143362,0.006039313
ID_c2t72z1x,0.008663918,0.967639,0.0006551495,0.0042535616,0.00020477962,0.0015609508,0.010917706,0.0035715906,0.00036013417,0.0006379253,0.0005105432,0.0007014211,0.00032324594
ID_c4bk4m94,0.03971298,0.0020532531,0.0006617984,0.024857614,0.0014869547,0.9169429,0.0020894376,0.0003346374,0.003169583,0.0039526965,0.0025918698,0.0013734554,0.0007728177
ID_c7qbiyw4,0.053145718,0.016256465,0.026743315,0.04748722,0.6418959,0.007455772,0.0074938093,0.007935977,0.017268503,0.029137641,0.04012191,0.08818078,0.016877003
ID_c7v0jvvs,0.9561923,0.027336815,0.00080050685,0.0001434607,0.00074986386,0.0007924179,0.0010774463,0.0014652353,0.00036010373,0.0012259487,0.000323754,0.000540943,0.008991259
ID_cbudgl2q,0.018101308,0.14901939,0.0016082913,0.0004047447,0.0011789858,0.005114218,0.014134862,0.79354984,0.0012944223,0.0074201534,0.0018942921,0.0020753248,0.004204198
ID_cchpdwey,0.0025892514,0.00055605505,0.0005552464,0.00011927742,0.00039773135,0.9739328,0.012526194,0.0007485401,0.0005343892,0.0051435153,0.00052966503,0.0004208567,0.0019464997
ID_cewbafo9,0.21714555,0.043858312,0.008619751,0.0019195148,0.05895392,0.0031447394,0.36013484,0.09760472,0.0130679095,0.087044835,0.009045819,0.0146773,0.08478282
ID_ch32j2wv,0.60761666,0.05141165,0.004851638,0.061048802,0.004446194,0.029740576,0.016024161,0.06614942,0.004669391,0.12463681,0.004628112,0.0037059516,0.021070635
ID_cl65jmri,0.060028322,0.78862876,0.005469918,0.0012496717,0.014550303,0.0053804633,0.041667316,0.008822116,0.003093445,0.0026144627,0.003233373,0.017990129,0.047271688
ID_cmuc7mkg,0.025655871,0.5993767,0.0090272585,0.05134247,0.040018756,0.008879628,0.010589291,0.0123868445,0.005597503,0.0055693695,0.1120636,0.02824347,0.09124929
ID_cntoqzgp,0.98772174,0.0017591594,0.0005521255,2.8644672e-05,0.0062142774,0.00011156449,0.00070113834,0.00084575603,0.00013437985,0.00018288316,0.0002578151,0.00024853778,0.0012420195
ID_cthud8zw,0.079422496,0.0045354962,0.0035648833,0.0015640003,0.5448228,0.17202403,0.0059292177,0.0018180523,0.0021998035,0.16082153,0.002497351,0.007833848,0.012966458
ID_cusioro1,0.03166483,0.95764244,0.0002145992,0.0018822446,0.001031263,0.00014014546,0.001756083,0.0010026023,0.00022706825,0.003623521,0.00027806606,0.00029670465,0.00024037341
ID_cylc3gmj,0.009891601,0.96219426,0.0002987325,0.0014678253,0.0052249124,0.00011206658,0.0060467385,0.0031188133,0.00029771746,0.008953485,0.000571187,0.0010954591,0.000727128
ID_cyqvne5m,0.99186057,0.0027291505,0.0015997966,6.8718255e-05,0.00036237697,7.968652e-05,0.0010005558,0.0005811392,0.00017133792,0.00021218513,0.0002439482,0.00033746852,0.0007530684
ID_d33qpysx,0.03166483,0.95764244,0.0002145992,0.0018822446,0.001031263,0.00014014546,0.001756083,0.0010026023,0.00022706825,0.003623521,0.00027806606,0.00029670465,0.00024037341
ID_d3pmn6pg,0.0008571787,0.0017900158,0.00027557957,5.6424728e-05,0.0052089253,0.0003901552,0.97241557,0.004632532,0.00030941016,0.011813401,0.00028920124,0.00024609352,0.0017155496
ID_dad6q7yf,0.7579653,0.00033082606,0.00037481106,0.006869538,0.00042094826,0.00039130828,0.0011178256,0.00031968614,0.00033995768,0.22804654,0.00029444278,0.00064824725,0.0028804876
ID_dciedhn6,0.010707352,0.98621285,6.881192e-05,0.0006035475,9.545975e-05,7.233116e-05,0.00026869777,0.00054408214,6.241315e-05,0.001027716,8.104863e-05,0.0001398581,0.00011584144
ID_dfa0i7qu,0.011165808,0.97227603,0.0010010846,0.002956113,0.00029730768,0.00047374755,0.002941835,0.0010927824,0.0002536741,0.0055956943,0.0003611773,0.00027473425,0.0013099796
ID_dujlxtju,0.00848478,0.0014463534,3.0410152e-05,0.00054886995,4.0868603e-05,5.228131e-05,7.4565265e-05,0.0003569564,2.7582335e-05,0.9887511,3.5817975e-05,8.675985e-05,6.358986e-05
ID_dvk5jmhy,0.0038736295,0.991941,6.9211594e-05,0.00060705305,9.843614e-05,5.125472e-05,0.00040962893,0.0005472423,6.277567e-05,0.0011803434,8.1519385e-05,0.0007717166,0.00030616554
ID_dvpoyewm,0.8678647,0.0027292536,0.0037714322,0.0051218867,0.0042356756,0.0059467927,0.011247811,0.0032167546,0.00342073,0.077558525,0.0029627492,0.006522808,0.005400841
ID_dyonsmqh,0.0039760745,0.0027667298,0.0004199263,8.59797e-05,0.009552234,0.00025561216,0.9625102,0.0038744516,0.00047147713,0.013975202,0.00044068292,0.0006701479,0.0010012384
ID_dyy2gk0u,0.958276,0.0017768297,0.0013319711,0.00042838565,0.031655,0.00013782259,0.00071323564,0.00037140553,0.00045279457,0.00036009037,0.0019724814,0.0017891369,0.0007348733
ID_e0evmizd,0.0008570818,0.9943001,0.0003148097,0.0009296045,3.3287924e-05,0.00036280224,0.00041182493,0.0005386445,6.838137e-05,0.0010749117,0.00010324285,0.00012103786,0.00088419486
ID_e3euh0qx,0.000429506,0.97859967,0.00032002755,0.0007511667,0.0015898333,0.00086861366,0.0005460517,0.0018359175,0.00014882948,0.0006675974,0.0003213929,0.00035642664,0.013564979
ID_e3sonqos,0.008756041,0.44871944,0.0067347144,0.001694867,0.0046594115,0.020048816,0.10478498,0.108804636,0.0054203896,0.027070038,0.01170516,0.0052587646,0.24634273
ID_e5qi9pl3,0.00068470027,0.9167543,0.00025142374,6.327363e-05,0.0001843106,0.0007484724,0.0021622477,0.0764959,0.00020235668,0.0010185798,0.0004369829,0.00019632283,0.00080117583
ID_e5ql8m74,0.00023738328,0.0011183082,0.00064602186,9.466519e-05,0.002449308,0.034158587,0.92444694,0.0013152735,0.0011162795,0.025412679,0.00074887904,0.001514119,0.0067415223
ID_e5qxlrzu,0.0002865526,0.0006876794,0.00015676112,3.490882e-05,0.00035785208,0.00010205516,0.9833597,0.0011902937,0.00023765654,0.013104393,0.0001645097,9.726393e-05,0.00022038953
ID_e7309p3b,0.0043537505,0.9728804,0.00023808227,0.0011698197,0.003340676,0.00021891163,0.006438394,0.0023560452,0.00023727331,0.0065677506,0.00045522163,0.0003693347,0.0013742617
ID_ee7t90xj,0.0039990437,0.9331728,0.0005021903,0.0011787385,0.046535127,0.0016248915,0.0020614034,0.0019103058,0.00028918838,0.004621651,0.00055482343,0.00023164188,0.0033181722
ID_eefn4r9z,0.21847218,0.007893548,0.0064446223,0.008084007,0.008748397,0.0026347083,0.5978091,0.007566657,0.005522796,0.12036463,0.0045108343,0.0089512225,0.0029972675
ID_eh6wj9ry,0.15498756,0.80679226,0.00052283524,0.0032386843,0.00914453,0.00024209662,0.013048158,0.005458477,0.000521059,0.0009795558,0.0009996792,0.0035336358,0.0005314459
ID_eleqwubg,0.07273781,0.035278875,0.0019954313,0.6055519,0.15381932,0.0008533409,0.012725054,0.0027698574,0.003004806,0.084022716,0.020236775,0.0041818675,0.0028222292
ID_erkgnj63,0.012634864,0.9769381,0.000363385,0.0010752967,0.0018052254,0.00048288962,0.0005826813,0.0020846492,0.00016899302,0.0017501016,0.00036493535,0.0002505215,0.001498356
ID_ex52i42f,0.425158,0.0074159824,0.005698169,0.0013313184,0.06153303,0.0031521954,0.36347872,0.006815514,0.008638667,0.097279,0.0059798253,0.0034750737,0.010044446
ID_f1mv2nua,0.022489812,0.09396683,0.020691799,0.0024607717,0.008205459,0.06405187,0.6408542,0.012484061,0.011024801,0.058820784,0.010927338,0.025636537,0.02838576
ID_f4ngm4h4,0.97635514,0.0055597913,0.00039206084,0.0008075235,0.00062930817,0.00038283085,0.005236087,0.0035659198,0.00035560338,0.004893057,0.0004617806,0.0007968515,0.00056408404
ID_f7l96chn,0.017320896,0.070387594,0.013730214,0.003455363,0.0071101426,0.044000253,0.18157217,0.04373022,0.01105067,0.05441207,0.023863576,0.010721164,0.51864564
ID_f9bqvumi,0.00071510585,0.0020381,0.00029572085,6.0548635e-05,0.0008362356,0.0006185807,0.9791445,0.0009755536,0.00033202398,0.01383099,0.00031033807,0.0001834828,0.00065880804
ID_fbmot16j,0.9931225,0.002284114,0.00014863361,0.00032119497,0.0010724791,9.706609e-05,0.001176373,0.00010003943,0.0001572698,0.00089267,0.0001925914,0.00020550047,0.00022950675
ID_ff1tc488,0.009574081,0.026686203,0.012474851,0.0015312899,0.061038435,0.11741681,0.007334852,0.008329513,0.0058014607,0.11582106,0.012528072,0.009638939,0.61182445
ID_fhr82u8x,0.001184573,0.82299656,0.0017709081,0.0036292628,0.0013391997,0.006114288,0.13276754,0.006553271,0.002208882,0.0009644546,0.0023729983,0.010528766,0.0075693363
ID_fksfubjx,0.54732615,0.4228451,0.0011250582,0.0073044426,0.0029034,0.0005254771,0.0046734298,0.007537877,0.0007657896,0.001305693,0.0009645055,0.0004428938,0.0022801873
ID_fm9l86se,0.96898055,0.015978362,0.00025463096,0.004143944,0.00034303285,0.00024929977,0.0018032456,0.0056309286,0.00023095304,0.0008379312,0.0002999116,0.001008797,0.00023841657
ID_fmzm5y0x,0.0109743355,0.71826506,0.0013056243,0.010812972,0.031914175,0.00045976145,0.008954866,0.017060295,0.0013814855,0.13924508,0.0016917575,0.0551886,0.0027460158
ID_fwkq0idn,0.002312227,0.008189793,0.0006129412,0.00012549934,0.0012848816,0.001218416,0.013094785,0.0018992434,0.00068818714,0.9682332,0.0006432384,0.00038030537,0.0013172473
ID_fxng4jt0,0.41585556,0.5434215,0.0012538305,0.0036258637,0.0062797386,0.0007230768,0.010356086,0.010247785,0.0017337748,0.0010556278,0.0013271968,0.00092592096,0.0031940343
ID_fy3iiiwl,0.005233735,0.0009948458,0.00035323462,0.0012829591,0.9844007,0.00032831007,0.00046552127,0.00012758787,0.0013524276,0.0004875026,0.0035823483,0.00069275865,0.00069801096
ID_g4xl0in8,0.11402018,0.3858907,0.0013970222,0.4704615,0.0010736601,0.008345028,0.006496267,0.0028769884,0.0029862344,0.0014328874,0.0010274525,0.0010194354,0.0029726694
ID_g87trr4w,0.22520894,0.0009800979,0.0005952471,0.0119962385,0.0028424654,0.02833994,0.005595932,0.00040941586,0.00049074064,0.0009426408,0.00037872075,0.00033177633,0.7218878
ID_gbagrk96,0.04351874,0.480264,0.0015217433,0.012602834,0.0061116824,0.0013436511,0.011774674,0.010603609,0.0016101624,0.42388272,0.0019717927,0.0029533373,0.001841018
ID_gd2myd2x,0.0001727876,0.99305844,0.00013305961,0.00031231687,0.00066101406,0.0012523946,0.00024478638,0.00072353886,6.187971e-05,0.002034346,0.0001336273,0.00019459889,0.0010171792
ID_gfjpi98a,0.14802422,0.82757604,0.00078741077,0.002700261,0.0020289153,0.00024140207,0.0033638126,0.0030432555,0.00043443422,0.00061281584,0.00083348504,0.009864874,0.00048909633
ID_gkw0t3na,0.0018906659,0.0018616884,0.0030408248,0.001297236,0.0019135035,0.024140378,0.17921717,0.00276171,0.0017214257,0.769193,0.0009975265,0.005783316,0.0061815376
ID_gqase66n,0.0010299571,0.0042686164,0.0013588966,0.0031968644,0.002104285,0.96079004,0.001972258,0.00077677803,0.004870317,0.016264098,0.00066657865,0.0008123437,0.0018889518
ID_gqg1zf3c,0.02872441,0.6710644,0.010106953,0.057483222,0.04480515,0.0099416645,0.01185581,0.013868357,0.006155616,0.006235487,0.005974413,0.031621493,0.10216305
ID_gt40ptld,0.0030427645,0.98309267,4.047653e-05,0.0034967372,6.497002e-05,3.9523587e-05,0.0001045196,0.00040919322,3.6712652e-05,0.009457827,4.767441e-05,8.22673e-05,8.463932e-05
ID_gtj1tfjf,0.005480343,0.9771492,0.00071577897,0.00011299122,0.00042552908,0.0042756647,0.0067135682,0.0016035838,0.0005311216,0.00042038306,0.0005264263,0.0005223184,0.0015230791
ID_guiutbu9,0.01243445,0.9695132,0.0012392098,0.0036592758,0.00038724826,0.0005864363,0.0020089631,0.0026940666,0.00031401502,0.0047544106,0.00044708958,0.00034008455,0.0016215808
ID_gvtscxns,0.013441218,0.655887,0.0013945275,0.0074524083,0.009537731,0.0005141244,0.08121298,0.0056459275,0.0021141632,0.21591598,0.0014634578,0.0025627331,0.0028577112
ID_gw71sple,0.97635514,0.0055597913,0.00039206084,0.0008075235,0.00062930817,0.00038283085,0.005236087,0.0035659198,0.00035560338,0.004893057,0.0004617806,0.0007968515,0.00056408404
ID_gxj2nky1,0.08571857,0.30838218,0.0061360924,0.46913832,0.010397025,0.0041118436,0.0041356203,0.00851085,0.0028294292,0.0024470561,0.032408815,0.046525624,0.019258585
ID_gxld7bub,0.9399581,0.03719249,0.00049268553,0.0010147791,0.0009131396,0.00048108664,0.006579959,0.0044811335,0.00044687107,0.0061492,0.00058029924,0.001001368,0.0007088595
ID_gzsdiej7,0.16450648,0.8002365,0.00087508775,0.003000931,0.0022548318,0.0002682818,0.011954594,0.0033821173,0.00048280778,0.0006810519,0.0009262924,0.010963312,0.0004677093
ID_h0cc6wgz,0.30509076,0.02209445,0.0012826752,0.36378565,0.2716041,0.001078148,0.008381327,0.0022219687,0.0059537557,0.0022968499,0.010607079,0.0025809847,0.0030223208
ID_h0roco21,0.0016412897,0.9906413,0.0003807621,0.0006631948,0.0012293266,0.0003304166,0.00037043498,0.0005224663,0.00010422742,0.00026933302,0.00022507564,0.00019076798,0.0034313947
ID_h159qook,0.00016455792,0.9921989,0.00013294445,0.00031204653,0.00064419257,0.0012853758,0.00017473585,0.000758323,6.182615e-05,0.0014902909,0.00013351162,5.98967e-05,0.0025834618
ID_h2ihvdxr,0.20444489,0.035383258,0.0017813109,0.27844393,0.3369131,0.0018487072,0.024952676,0.0037642443,0.07634513,0.0023139913,0.01818802,0.010345173,0.0052755624
ID_h2mws0mj,0.046562366,0.43712553,0.0065835817,0.31457388,0.029185688,0.0064759147,0.0077227727,0.009033728,0.00408226,0.0040817577,0.03500858,0.033015843,0.066548124
ID_h3awypor,0.002341699,0.00078191824,0.000480948,0.0006032914,0.0006528737,0.00012315545,0.028648412,0.00056468276,0.00041215395,0.95429,0.0003366337,0.008677117,0.0020871446
ID_h49ujyog,0.0043537505,0.9728804,0.00023808227,0.0011698197,0.003340676,0.00021891163,0.006438394,0.0023560452,0.00023727331,0.0065677506,0.00045522163,0.0003693347,0.0013742617
ID_h55amsi5,0.005480343,0.9771492,0.00071577897,0.00011299122,0.00042552908,0.0042756647,0.0067135682,0.0016035838,0.0005311216,0.00042038306,0.0005264263,0.0005223184,0.0015230791
ID_h6nlogdm,0.012904604,0.94134706,0.0010790512,0.0031863418,0.00071455527,0.00038590326,0.0028556518,0.0011778907,0.0002734309,0.033542167,0.0003893066,0.00068035175,0.0014637419
ID_h76zkmwk,0.81950766,0.08334355,0.00063983013,0.0799492,0.000529578,0.0021339806,0.0019335013,0.0015312381,0.0014499462,0.0051655318,0.000470569,0.0020394176,0.0013060292
ID_h7rvpenp,0.0027715608,0.9953408,4.1422863e-05,0.00036331866,6.6489e-05,4.0447638e-05,0.00010696324,0.0004884869,3.7570982e-05,0.0005232777,4.8789025e-05,8.4190695e-05,8.6618165e-05
ID_hb81jw1t,0.014816957,0.5517535,0.0032850823,0.00073154835,0.011009293,0.002761385,0.12291093,0.0019160564,0.0049803243,0.27549082,0.0034474612,0.0020382616,0.0048583806
ID_hcomz2xw,0.0048144576,0.01648339,0.005808389,0.000748045,0.0048478097,0.03570135,0.013363313,0.003776438,0.0027012057,0.39826214,0.0038905486,0.013103319,0.49649954
ID_hguh7220,0.002482545,0.9838514,0.0007037799,0.0008802007,0.0014536268,0.00039168206,0.0004706781,0.0015580646,0.00013833199,0.0004306371,0.00029872332,0.00025318976,0.0070872228
ID_hhqnmh9c,0.06071939,0.5922742,0.005519307,0.14590956,0.0024955524,0.01526006,0.055963453,0.03194432,0.0034872068,0.064653344,0.0052650203,0.0044636927,0.012044924
ID_hikt0irm,0.07809984,0.008056149,0.00063660287,0.8956307,0.0018292309,0.0015307156,0.00517727,0.0012869056,0.00064498564,0.00065447734,0.0032648991,0.0016688089,0.0015193874
ID_hjs9mp09,0.74557436,0.0003865636,0.000380331,0.00026126122,0.0004021009,0.019684805,0.22434665,0.00045355453,0.0002923234,0.003532172,0.00019933697,0.0043487246,0.00013779545
ID_hmogjqjc,0.043264493,0.13445552,0.0053036762,0.001181065,0.0034033344,0.0035834296,0.11668995,0.12358009,0.0068924334,0.5286381,0.005059324,0.017319266,0.010629299
ID_hrah5yin,0.0007198916,0.024028484,0.0002499035,5.1167615e-05,0.00056974974,0.0004967631,0.9594991,0.0042009153,0.00028058232,0.008949061,0.00026225604,0.00015505515,0.0005370578
ID_hrj3xhsh,0.01673483,0.6912459,0.0009079235,0.0021310733,0.2613325,0.00097621535,0.0031129036,0.003473488,0.0005228315,0.0018767687,0.00100308,0.0009076093,0.015774848
ID_hrtpne7v,0.075809985,0.90663934,0.0005432401,0.002213626,0.001159977,0.00025303834,0.0029563284,0.0051788604,0.00035614122,0.0005482663,0.00068327616,0.0022264794,0.0014314731
ID_huumu16y,0.0070957765,0.96592516,0.00014202931,0.0012457359,0.0005911013,9.275322e-05,0.0009801538,0.0009896705,0.00015028178,0.022175709,0.00018403392,0.0001963696,0.00023121451
ID_i0y7eekq,0.00075906474,0.98869425,0.0003130348,0.0009243634,3.3100245e-05,0.0002630791,0.00040950306,0.0005356076,6.799583e-05,0.006421143,0.00010266076,0.00039297485,0.0010831723
ID_i1xb3lz7,0.0032096398,0.009529381,0.0038156547,0.0004683722,0.018210338,0.035934802,0.001849068,0.008319799,0.0017744799,0.011662521,0.0038319335,0.0017191026,0.89967483
ID_i3xaojuz,0.30765837,0.002435107,0.0027957805,0.00604164,0.0027821786,0.0025096685,0.016616872,0.004673867,0.0025358032,0.22808784,0.0032929517,0.4041431,0.016426811
ID_i40kmo2n,0.0010395623,0.9923883,8.2663064e-05,0.00019402613,0.00022441689,0.0007201143,0.00014667316,0.0029233955,3.8442624e-05,0.00031171582,8.301573e-05,3.7242964e-05,0.0018104318
ID_i6jkhgh2,0.03166483,0.95764244,0.0002145992,0.0018822446,0.001031263,0.00014014546,0.001756083,0.0010026023,0.00022706825,0.003623521,0.00027806606,0.00029670465,0.00024037341
ID_i7xy4wiw,0.011970782,0.051005606,0.0023953747,0.00029403274,0.006405036,0.020867178,0.0011715714,0.00532107,0.001113975,0.004786628,0.002405594,0.0010792105,0.8911839
ID_ibisx32z,0.603117,0.38391605,0.0011653723,0.0043383753,0.0010991257,0.00016669022,0.0023526906,0.0013420787,0.0002953045,0.00086147216,0.00042045006,0.00051914365,0.00040623423
ID_iljmewrz,0.055430163,0.031473123,0.045657188,0.017772196,0.03447623,0.023604216,0.06023863,0.092858054,0.03466811,0.02824197,0.026553161,0.47688618,0.07214083
ID_iludxx4k,0.027970776,0.79237324,0.0059708594,0.033959214,0.02646942,0.005873213,0.018203408,0.008192975,0.0034919174,0.0036837214,0.0035294888,0.018680952,0.05160088
ID_imjqsix0,0.02847968,0.7664247,0.0016520696,0.008828723,0.011299165,0.0006027241,0.0690238,0.018707018,0.0025046081,0.08432224,0.0017337301,0.0030360199,0.003385477
ID_in6ribtc,0.049696617,0.55476904,0.005728194,0.00041387204,0.3474331,0.0016119384,0.00725639,0.0057023074,0.0019415856,0.0025090151,0.003725037,0.0035909936,0.015621871
ID_iq9ch8hn,0.97635514,0.0055597913,0.00039206084,0.0008075235,0.00062930817,0.00038283085,0.005236087,0.0035659198,0.00035560338,0.004893057,0.0004617806,0.0007968515,0.00056408404
ID_is0fjzw9,0.0022319832,0.09444431,0.0030429692,0.00037352476,0.017717507,0.02650865,0.0020525905,0.0066350023,0.0014151405,0.009433491,0.0030559513,0.0013709774,0.8317179
ID_itgjfpj6,0.0031368092,0.0055995635,0.0035313074,0.00073953473,0.016862944,0.5070988,0.10391074,0.0023840815,0.002911322,0.0019117194,0.0022467633,0.0019682653,0.34769812
ID_iw5d7a5w,0.99501014,0.00079456123,0.000121521734,0.00026260663,0.0007593957,7.9360514e-05,0.00064321724,8.332781e-05,0.00012858261,0.0014596647,0.00015746131,0.00016801567,0.0003321071
ID_iwt3z9s1,0.0065791877,0.0029570889,0.00036689287,8.170263e-05,0.00080239587,0.00030840398,0.9257407,0.0032505668,0.0005562252,0.058304954,0.00038502808,0.00022764238,0.0004391635
ID_ix7prgts,0.0006398855,0.9949004,0.00028294296,0.00083550526,3.9971335e-05,0.00030162325,0.00034195228,0.00048412022,6.145944e-05,0.00096610375,9.279205e-05,0.00010878576,0.00094444206
ID_iy4yxaz6,0.025655871,0.5993767,0.0090272585,0.05134247,0.040018756,0.008879628,0.010589291,0.0123868445,0.005597503,0.0055693695,0.1120636,0.02824347,0.09124929
ID_j34f0v39,0.005480343,0.9771492,0.00071577897,0.00011299122,0.00042552908,0.0042756647,0.0067135682,0.0016035838,0.0005311216,0.00042038306,0.0005264263,0.0005223184,0.0015230791
ID_jdg15uvg,0.04653004,0.8788174,0.00053395226,0.052751496,0.00044469765,0.0020103487,0.0046705115,0.0012481754,0.0012695796,0.00097640126,0.0003927002,0.009265185,0.0010895557
ID_jea1tccw,0.06377685,0.0014664219,0.001340546,0.00058812986,0.0058717043,0.040572546,0.0058454,0.0008897819,0.0006003792,0.8733926,0.00085364707,0.0022048813,0.0025971269
ID_jf6kyt0p,0.042365953,0.020507004,0.00026906314,0.9152004,0.00016027667,0.0007439189,0.0010133968,0.0030870743,0.00016999923,0.014910799,0.00025666668,0.00021760241,0.001097888
ID_jhon628h,0.018441401,0.43083104,0.00648878,0.31810632,0.028765421,0.0063826633,0.0076115667,0.008903645,0.0040234765,0.004003254,0.08055115,0.020301362,0.06558985
ID_jhwiddid,0.0039050318,0.0058435267,0.0008322785,0.00018533834,0.0017468947,0.0007361855,0.067218184,0.0034961074,0.0012617696,0.9122147,0.00087341736,0.0005163954,0.001170096
ID_jk2b7zot,0.002341699,0.00078191824,0.000480948,0.0006032914,0.0006528737,0.00012315545,0.028648412,0.00056468276,0.00041215395,0.95429,0.0003366337,0.008677117,0.0020871446
ID_jm1sz086,0.007074341,0.964018,0.00038679643,0.00453622,0.00021838768,0.0006456178,0.014381074,0.0059107374,0.0003840659,0.00096132385,0.0005444699,0.0005759909,0.00036294846
ID_jnaj0jnt,0.034008943,0.54879355,0.001331368,0.011026177,0.0053470875,0.0011755563,0.010301623,0.0092770625,0.0014087249,0.37085357,0.0017251146,0.0025838646,0.0021673795
ID_jr0zs4kb,0.083867796,0.032762483,0.0069993823,0.00036313283,0.8388728,0.0014143205,0.005938789,0.008233173,0.0017035543,0.0023184393,0.0032683609,0.010418596,0.0038392185
ID_jx8pv2j0,0.90055525,0.014351352,0.0014209187,0.011175885,0.0012358703,0.002163514,0.0046930606,0.019373454,0.0018465666,0.03650289,0.0013554546,0.0010853771,0.004240377
ID_jyb3o7k2,0.017636975,0.9703793,0.00024366174,0.0021371495,0.0010140768,0.0001591248,0.001993902,0.0011383806,0.0002578192,0.00411403,0.00031572374,0.00033688598,0.0002729262
ID_k0ir3f0y,0.5538296,0.0021310756,0.0015373603,0.0010560612,0.007142973,0.034439903,0.058753442,0.0006574045,0.001378458,0.0016309936,0.0008864206,0.0011314033,0.33542487
ID_k1uaj1ym,0.017320896,0.070387594,0.013730214,0.003455363,0.0071101426,0.044000253,0.18157217,0.04373022,0.01105067,0.05441207,0.023863576,0.010721164,0.51864564
ID_k49qidsf,0.00021331232,0.9825585,0.0002113042,5.3177097e-05,0.000113900205,0.00023893401,0.0068848245,0.0036175756,0.00017006676,0.004204902,0.00036725367,0.00086328574,0.0005030051
ID_k84ghtr8,0.016376438,0.9743045,0.0008563546,0.0031879833,8.742466e-05,0.00025478803,0.0016064759,0.0011536595,0.00018601301,0.00041633777,0.00028084448,0.0006743409,0.0006147994
ID_k9zwhybq,0.81950766,0.08334355,0.00063983013,0.0799492,0.000529578,0.0021339806,0.0019335013,0.0015312381,0.0014499462,0.0051655318,0.000470569,0.0020394176,0.0013060292
ID_ke76tyk9,0.0062245335,0.0051981397,0.012257024,0.0054374775,0.050343495,0.46039796,0.013882801,0.008862682,0.005061311,0.38140076,0.004964605,0.040982474,0.004986722
ID_kjkhda63,0.018103437,0.032025415,0.015584313,0.02345085,0.039044566,0.6103234,0.14270864,0.0076114014,0.025493069,0.040681086,0.009338228,0.02232986,0.013305683
ID_kkv16lkq,0.97486985,0.00041592793,0.0003712841,0.00016339718,0.00018321164,0.010242117,0.0014112402,0.00037978232,0.0001392917,0.009981015,0.00022191266,0.0014296453,0.00019131927
ID_km0t259y,0.002312227,0.008189793,0.0006129412,0.00012549934,0.0012848816,0.001218416,0.013094785,0.0018992434,0.00068818714,0.9682332,0.0006432384,0.00038030537,0.0013172473
ID_kma2z3ka,0.10340891,0.7394647,0.011672708,0.08352059,0.0010892665,0.0046539484,0.0061029023,0.005101717,0.003048916,0.002453365,0.0022532512,0.018772254,0.018457484
ID_kmqdj8po,0.0007632638,0.9941636,0.00031476648,0.0009294768,3.328335e-05,0.0003887255,0.0004117684,0.0005385705,6.837198e-05,0.0010747641,0.00010322867,0.000121021236,0.0010891643
ID_kni7d2qv,0.92974806,0.047863413,0.0018793027,0.00022349613,0.0060138428,0.0009705887,0.0010281076,0.0009823482,0.0011681136,0.0052877273,0.0010918191,0.0007209096,0.0030222835
ID_knx2jwbq,0.03365627,0.3447449,0.0044312407,0.4328728,0.0047656484,0.021464525,0.027497873,0.012965561,0.011285093,0.004350413,0.0777612,0.006579251,0.017625246
ID_kptel2fy,0.0721444,0.6674664,0.0014193719,0.19762339,0.0037533008,0.00081734033,0.012595328,0.0024034425,0.0037338168,0.017701272,0.0014179447,0.016400773,0.0025232304
ID_kt3hch74,0.022489812,0.09396683,0.020691799,0.0024607717,0.008205459,0.06405187,0.6408542,0.012484061,0.011024801,0.058820784,0.010927338,0.025636537,0.02838576
ID_kws09f8o,0.0034572165,0.98526865,9.044222e-05,0.00032349644,0.00027153257,7.527693e-05,7.182275e-05,0.0005176293,5.5048462e-05,0.009250945,6.15523e-05,9.5593816e-05,0.00046079254
ID_l4lujw4l,0.2772569,0.7054486,0.0009568273,0.0026454714,0.0019877474,0.00021818322,0.004979288,0.002981506,0.00042561928,0.0006003814,0.00081657316,0.0012705948,0.0004123092
ID_l5oosipf,0.002312227,0.008189793,0.0006129412,0.00012549934,0.0012848816,0.001218416,0.013094785,0.0018992434,0.00068818714,0.9682332,0.0006432384,0.00038030537,0.0013172473
ID_l5qd05ga,0.023521902,0.7285509,0.002097412,0.017370433,0.04856221,0.0007308811,0.014385492,0.027406408,0.0022192798,0.02043005,0.0027177134,0.083538845,0.02846846
ID_l5ww6p45,0.006594489,0.04288015,0.0032486508,0.0003987722,0.008686623,0.028300434,0.0015889065,0.0072165295,0.0015107932,0.0069126785,0.0032625105,0.001463645,0.88793576
ID_l6sudgs8,0.98772174,0.0017591594,0.0005521255,2.8644672e-05,0.0062142774,0.00011156449,0.00070113834,0.00084575603,0.00013437985,0.00018288316,0.0002578151,0.00024853778,0.0012420195
ID_lbir9862,0.029285908,0.000880578,0.0006676306,0.0021188534,0.9553085,0.0007044463,0.0012090051,0.00024114725,0.0026413952,0.00080088206,0.002900311,0.0016651907,0.0015761425
ID_lbj27rbz,0.9399581,0.03719249,0.00049268553,0.0010147791,0.0009131396,0.00048108664,0.006579959,0.0044811335,0.00044687107,0.0061492,0.00058029924,0.001001368,0.0007088595
ID_ld16s2yu,0.0010118446,0.0041797026,0.0013349993,0.007445354,0.007132954,0.9498709,0.0014017103,0.0007631178,0.0047846683,0.01597808,0.0006548563,0.00079805794,0.0046437597
ID_lflwdb3a,0.060592208,0.00049516954,0.00078063714,0.0008730353,0.00676802,0.9264154,0.00037803114,0.00035934144,0.00034006065,0.0011979088,0.00031619062,0.00079848093,0.0006855552
ID_lfvz14ym,0.0068608,0.9173742,0.0006802327,0.0013499387,0.0004615698,0.002230577,0.040243387,0.0034456593,0.0008509926,0.0003503953,0.00061770756,0.023642963,0.0018915881
ID_lgmk8jb8,0.009129358,0.007837186,0.0031380823,0.00038520028,0.0121312905,0.029536523,0.0045694397,0.0020953114,0.0014593732,0.038382374,0.0031514703,0.0024247025,0.88575965
ID_lits9ioy,0.036832683,0.93264717,0.0008894103,0.0016330647,0.0006056497,0.0016549287,0.005123905,0.0073921885,0.001299925,0.0005810955,0.00057994266,0.008123362,0.002636656
ID_lmlvbrl3,0.004650163,0.991699,7.857173e-05,0.0006891508,0.00012611783,7.6721975e-05,0.00020289025,0.00092657283,7.126541e-05,0.0011142679,9.2544105e-05,0.00015969477,0.00011304643
ID_lmyibx2q,0.011780516,0.97718096,0.00036347535,0.001075564,0.001805674,0.001365299,0.0013017217,0.0020851674,0.00016903503,0.0007582325,0.00036502606,0.00025058378,0.0014987284
ID_lpfwpnjo,0.039013483,0.7933156,0.00044930883,0.14830418,0.00043950332,0.0012836211,0.0015289895,0.0012876063,0.0006163153,0.004574887,0.00040800963,0.0075763697,0.0012020849
ID_lr6370h3,0.0021953047,0.006494221,0.000709477,8.708841e-05,0.9691956,0.0007628426,0.002490456,0.0029527915,0.00040855547,0.0008836816,0.00078383536,0.00070923177,0.012326916
ID_lwspr2f4,0.0070957765,0.96592516,0.00014202931,0.0012457359,0.0005911013,9.275322e-05,0.0009801538,0.0009896705,0.00015028178,0.022175709,0.00018403392,0.0001963696,0.00023121451
ID_ly9f17ij,0.9871128,0.00033231048,5.0824223e-05,0.001621779,0.00031760326,3.3191074e-05,0.00026901375,3.4850287e-05,5.3777258e-05,0.009898825,6.585529e-05,7.0269394e-05,0.00013889754
ID_m6rfhpen,0.002312227,0.008189793,0.0006129412,0.00012549934,0.0012848816,0.001218416,0.013094785,0.0018992434,0.00068818714,0.9682332,0.0006432384,0.00038030537,0.0013172473
ID_m7btsblj,0.009851242,0.9351502,0.0007480067,0.0039973757,0.00047999102,0.0005053908,0.018283423,0.01742918,0.0009720782,0.0024108985,0.0007135443,0.0022632524,0.007195397
ID_mdtw17tp,0.0215636,0.015252455,0.021175316,0.003926497,0.6201469,0.09901168,0.06771868,0.007951844,0.005522711,0.009993688,0.0062697185,0.015663955,0.10580295
ID_mepsc3h5,0.25439465,0.71749526,0.0006838175,0.009510059,0.0015570584,0.00026872335,0.007025213,0.004532286,0.0005519443,0.0016051645,0.000717618,0.0012062967,0.0004519512
ID_mk0c0q0v,0.0043537505,0.9728804,0.00023808227,0.0011698197,0.003340676,0.00021891163,0.006438394,0.0023560452,0.00023727331,0.0065677506,0.00045522163,0.0003693347,0.0013742617
ID_msu9fgcj,0.98772174,0.0017591594,0.0005521255,2.8644672e-05,0.0062142774,0.00011156449,0.00070113834,0.00084575603,0.00013437985,0.00018288316,0.0002578151,0.00024853778,0.0012420195
ID_mtxn9p8b,0.019017898,0.70343816,0.0007107834,0.005886592,0.0009552312,0.001221982,0.0017428293,0.008382052,0.00064468826,0.2541121,0.00083718094,0.002027856,0.001022651
ID_mwiynzce,0.9931225,0.002284114,0.00014863361,0.00032119497,0.0010724791,9.706609e-05,0.001176373,0.00010003943,0.0001572698,0.00089267,0.0001925914,0.00020550047,0.00022950675
ID_n25or9n5,0.02254297,0.0036551084,0.010491629,0.0011187078,0.00078528584,0.011565627,0.91925883,0.0020015175,0.0022789384,0.0050742235,0.0022948857,0.01423585,0.0046964777
ID_n3tauc66,0.012857424,0.40053993,0.0016876251,0.009018735,0.0035422076,0.0014927757,0.13629945,0.0068325717,0.0025585114,0.41998,0.0017710429,0.001047104,0.0023726232
ID_n6dndt6p,0.8546778,0.117853746,0.0030983526,0.0005860679,0.0011944491,0.0003496314,0.0048950627,0.0008639417,0.0009346507,0.0007004097,0.00065797055,0.012478457,0.001709419
ID_n9w28bcq,0.007337161,0.012094032,0.0023271984,0.00040223595,0.0013229069,0.028834803,0.92804736,0.003974639,0.004694359,0.0032107865,0.0026977262,0.004023712,0.001033085
ID_ndje6wd4,0.0045324108,0.9253876,0.0016575477,0.0003393819,0.0050997986,0.0032949043,0.011897774,0.0007399148,0.0018610317,0.032729693,0.0017394789,0.0010284417,0.00969201
ID_ni4t9oja,0.056725048,0.10689612,0.025475843,0.11136624,0.01820936,0.027786687,0.017223153,0.0143973045,0.06701707,0.3898255,0.016974537,0.12752844,0.020574661
ID_nos41kse,0.0027237535,0.0066248304,0.025074044,0.0012826052,0.08097344,0.26010218,0.0021983578,0.010069864,0.004351757,0.008074251,0.004810469,0.20035784,0.39335665
ID_nux8w3s5,0.97635514,0.0055597913,0.00039206084,0.0008075235,0.00062930817,0.00038283085,0.005236087,0.0035659198,0.00035560338,0.004893057,0.0004617806,0.0007968515,0.00056408404
ID_nvnnpego,0.13628665,0.000935095,0.00073398795,0.002556588,0.84570575,0.0006821971,0.000530349,0.0002651152,0.00290393,0.0029306074,0.0031885796,0.001830698,0.0014504003
ID_nvsfmnha,0.0007632638,0.9941636,0.00031476648,0.0009294768,3.328335e-05,0.0003887255,0.0004117684,0.0005385705,6.837198e-05,0.0010747641,0.00010322867,0.000121021236,0.0010891643
ID_nxr25vxb,0.45558584,0.0032435157,0.0057340553,0.012556396,0.060867887,0.0022983262,0.19520131,0.0038593686,0.0060672257,0.1755783,0.0049555064,0.018143533,0.0559087
ID_nzql2zse,0.0049401713,0.89874035,0.00044140132,0.0061195726,0.00021333856,0.00023352179,0.00881426,0.008303357,0.00032424953,0.059349515,0.000421065,0.011268069,0.0008311438
ID_o270qwh1,0.008908473,0.015140518,0.0046038125,0.0944004,0.019018542,0.006899224,0.20141588,0.11784494,0.5045343,0.0026906184,0.003728784,0.014253915,0.006560604
ID_o3lhlnvv,0.0007232298,0.001874068,0.0013564219,0.0066657555,0.0028009852,0.9456027,0.004765498,0.0012086388,0.0016835027,0.0005658421,0.019685468,0.0066729328,0.0063949064
ID_o6iaxgwb,0.007074341,0.964018,0.00038679643,0.00453622,0.00021838768,0.0006456178,0.014381074,0.0059107374,0.0003840659,0.00096132385,0.0005444699,0.0005759909,0.00036294846
ID_obo2p430,0.13293163,0.06495431,0.0022106555,0.012573085,0.75914484,0.0006732738,0.0057297596,0.0020229088,0.0027513956,0.0015310945,0.0014375864,0.008258014,0.0057814904
ID_ofympoh2,0.0045324108,0.9253876,0.0016575477,0.0003393819,0.0050997986,0.0032949043,0.011897774,0.0007399148,0.0018610317,0.032729693,0.0017394789,0.0010284417,0.00969201
ID_ofyvoabm,0.037867885,0.37818038,0.001473882,0.020433843,0.0015478474,0.0010540017,0.1180255,0.0058575254,0.0012630603,0.42928797,0.0015467348,0.0018811352,0.0015802489
ID_ogoqngj7,0.22358438,0.6408145,0.0019124863,0.019968113,0.028942896,0.00090442644,0.01622573,0.019353256,0.0020236091,0.036103163,0.0024780966,0.0062235384,0.0014658158
ID_ogyrecgz,0.0022754038,0.0023790284,0.00077066483,0.00015779317,0.009171824,0.0010910783,0.0049690837,0.00034401802,0.0008652733,0.96568775,0.0008087582,0.00068820635,0.0107911015
ID_oi5ns3ho,0.015257353,0.0009865784,0.00035029917,0.0012201435,0.97622013,0.00032558176,0.0004616527,0.0001265276,0.001385914,0.00057816046,0.0015217644,0.0008737092,0.00069221033
ID_olq0xnld,0.002312227,0.008189793,0.0006129412,0.00012549934,0.0012848816,0.001218416,0.013094785,0.0018992434,0.00068818714,0.9682332,0.0006432384,0.00038030537,0.0013172473
ID_om9oostm,0.00877781,0.80960244,0.000552752,0.0012974166,0.15910164,0.000594329,0.0018951646,0.0021146908,0.0003183047,0.012850178,0.0006106844,0.0005525609,0.0017320712
ID_onbj3nj3,0.029156435,0.68115747,0.010258965,0.05834779,0.045479037,0.010091191,0.012034127,0.014076943,0.006248199,0.0063292715,0.00606427,0.032097094,0.088659234
ID_ors8niy1,0.5538296,0.0021310756,0.0015373603,0.0010560612,0.007142973,0.034439903,0.058753442,0.0006574045,0.001378458,0.0016309936,0.0008864206,0.0011314033,0.33542487
ID_osme6w8y,0.14639445,0.70970047,0.010022182,0.07171074,0.00093524373,0.0048396164,0.013579625,0.0043803323,0.0024307843,0.002106458,0.0019346405,0.01611785,0.015847588
ID_oude0766,0.009096131,0.00076379796,0.0014171762,0.0011911182,0.022763262,0.00069014117,0.018909568,0.0009538455,0.0014995195,0.8927417,0.0012247572,0.043058585,0.0056904
ID_oumfuayj,0.20444489,0.035383258,0.0017813109,0.27844393,0.3369131,0.0018487072,0.024952676,0.0037642443,0.07634513,0.0023139913,0.01818802,0.010345173,0.0052755624
ID_oy3qlmvo,0.08652994,0.06090717,0.002987438,0.4159499,0.25403067,0.0015774342,0.015743427,0.005058671,0.008856126,0.044506013,0.037408482,0.061133955,0.0053107957
ID_p01qunsl,0.00077594694,0.0026780576,0.0034322757,0.00017360492,0.0020106053,0.34901044,0.00053459493,0.001378419,0.00059569255,0.000994466,0.00097167474,0.0012941882,0.63615
ID_p33xnad7,0.027970776,0.79237324,0.0059708594,0.033959214,0.02646942,0.005873213,0.018203408,0.008192975,0.0034919174,0.0036837214,0.0035294888,0.018680952,0.05160088
ID_p5ajidvp,0.44067448,0.44504997,0.0013282347,0.0072684702,0.0521132,0.0007730564,0.018997567,0.017680716,0.0035223693,0.006346983,0.0017210548,0.0034520358,0.0010718316
ID_p6oj3n0m,0.0039050318,0.0058435267,0.0008322785,0.00018533834,0.0017468947,0.0007361855,0.067218184,0.0034961074,0.0012617696,0.9122147,0.00087341736,0.0005163954,0.001170096
ID_p8chm2jc,0.0041096685,0.9213684,0.0007825262,0.0066902796,0.000561675,0.0051637846,0.005943573,0.0046138633,0.0007531314,0.04642956,0.0007464735,0.0005977369,0.0022392794
ID_p9horb49,0.00038228184,0.0009174143,0.00020913074,4.6570905e-05,0.0026963688,0.00013614901,0.98189676,0.0015879384,0.0003170511,0.011081865,0.00021946791,0.00021505539,0.00029401568
ID_pc9jkl3o,0.09406216,0.08255914,0.0025804264,0.5569476,0.124668375,0.0011035126,0.016455622,0.003581889,0.0038166665,0.10346849,0.0020877945,0.005018758,0.003649614
ID_pfxybdvn,0.8397705,0.009352998,0.0070113214,0.0033444243,0.09451131,0.00072548003,0.0032738422,0.00195503,0.0023834521,0.0015849703,0.024238978,0.007979372,0.0038682783
ID_pigb8yyw,0.035277117,0.95463157,0.0008390632,0.0031236121,8.56594e-05,0.00030713194,0.0015740383,0.0015146049,0.00018225708,0.00085516606,0.00027517372,0.0006607247,0.00067395455
ID_pk48m6he,0.94672775,0.0044526723,0.00020362037,0.005938332,0.00032683683,0.0001988265,0.0022933688,0.0027493786,0.00018468588,0.035845112,0.00023982987,0.00041385213,0.00042578476
ID_pkflufbp,0.9284955,0.04971904,0.0009344788,4.8481437e-05,0.013437419,0.0001888242,0.0022792276,0.0015008827,0.00022743942,0.00032273817,0.0004363548,0.00042065282,0.0019889686
ID_pky6pa0b,0.005480343,0.9771492,0.00071577897,0.00011299122,0.00042552908,0.0042756647,0.0067135682,0.0016035838,0.0005311216,0.00042038306,0.0005264263,0.0005223184,0.0015230791
ID_pm36remu,0.01386488,0.06208505,0.0072292904,0.18098687,0.012743857,0.020608526,0.48793852,0.026752083,0.010161557,0.004708439,0.08714333,0.049635656,0.036141887
ID_pmchkg4f,0.01690741,0.94538295,0.0001390088,0.012523625,0.0005785304,9.0780646e-05,0.000959309,0.0009686233,0.00014708575,0.021704102,0.0001801201,0.00019219343,0.0002262973
ID_pstso3qa,0.012408016,0.9674521,0.0012365754,0.0036514967,0.00038642503,0.0005851896,0.0036338596,0.0031849968,0.00031334747,0.0047443034,0.00044613914,0.00033936155,0.0016181335
ID_pv1va51i,0.75916,0.11717849,0.007530704,0.053883728,0.029423296,0.000779222,0.011561404,0.0020998544,0.0024145215,0.0022608663,0.0015992317,0.007953826,0.0041548316
ID_pwdhqt0d,0.0007359784,0.9903418,0.00016834844,0.00039514658,0.000677434,0.00046173908,0.0005779775,0.000965773,7.829086e-05,0.003971387,0.00016906667,0.00017009555,0.0012869459
ID_pwm0vy1j,0.002924474,0.007739284,0.0005275451,6.475625e-05,0.9728855,0.00012900443,0.00055399066,0.00029554818,0.0003037892,0.00928552,0.00039497553,0.004007527,0.00088803837
ID_q1omf5a8,0.0001727876,0.99305844,0.00013305961,0.00031231687,0.00066101406,0.0012523946,0.00024478638,0.00072353886,6.187971e-05,0.002034346,0.0001336273,0.00019459889,0.0010171792
ID_q3ycltab,0.0008571787,0.0017900158,0.00027557957,5.6424728e-05,0.0052089253,0.0003901552,0.97241557,0.004632532,0.00030941016,0.011813401,0.00028920124,0.00024609352,0.0017155496
ID_q59o4zis,0.057141516,0.5462157,0.0019407466,0.016072953,0.008963521,0.0018032339,0.023152022,0.009067117,0.0020535113,0.3251837,0.0025147146,0.0037665218,0.0021247205
ID_q5ycbssy,0.0040997546,0.98728126,0.00016699446,0.0010344407,0.00010613073,0.00025092566,0.0035357228,0.0022141072,0.00013440436,0.00021957749,0.00029024173,0.0004794061,0.00018706793
ID_q8ryq7lj,0.01071913,0.014903861,0.009729861,0.13468283,0.03740339,0.2013891,0.060802408,0.0039922837,0.43332112,0.011744039,0.061670244,0.012844508,0.0067972555
ID_qd7dgqor,0.35798898,0.5879262,0.0013556725,0.0057196063,0.0061746663,0.0009343914,0.010759826,0.002338564,0.0027717769,0.008428037,0.0013543091,0.011734886,0.0025131144
ID_qfolkekt,0.17395128,0.79436845,0.0006905269,0.0050014113,0.00048033404,0.0016753222,0.0055232067,0.012925661,0.00089737953,0.0027900967,0.0006587128,0.0005233944,0.0005142321
ID_qhpgkado,0.0018202692,0.98085773,0.0007579614,0.0022381924,7.737977e-05,0.00025735662,0.0014108726,0.0013682069,0.00016464054,0.00032110573,0.0002485761,0.0018945964,0.008583092
ID_qi71zxvn,0.9763905,0.0036742457,0.00032065238,8.466442e-05,0.0003887079,0.0005495185,0.000858089,0.0046747355,0.00030822874,0.00065803196,0.00027711538,0.00040225187,0.0114132995
ID_qjkmmqm4,0.16776542,0.58288085,0.008778814,0.04992944,0.03152369,0.008635246,0.019154716,0.0120459385,0.0053467164,0.0054160915,0.0051893247,0.027466163,0.075867586
ID_qmxqh91v,0.013865696,0.7061242,0.0011651388,0.004490631,0.00603425,0.002230319,0.067675136,0.09523399,0.0029102552,0.09448103,0.002227786,0.0007132101,0.002848351
ID_qo1hukgo,0.035415277,0.77020013,0.0004063001,0.056570385,0.0004221284,0.0013157376,0.0024954698,0.001164354,0.0005573203,0.0041369693,0.0003689541,0.1259045,0.0010424147
ID_qoj2oq21,0.22237073,0.43640488,0.05273996,0.006120993,0.06604434,0.018740484,0.022162242,0.0073967525,0.0055766115,0.04529857,0.006020756,0.10201711,0.00910657
ID_qq38cadk,0.042841647,0.9321937,0.00041402032,0.0009717863,0.005569635,0.0012391434,0.0011402195,0.009764466,0.00023841544,0.0023296387,0.00045741265,0.00019097223,0.0026489845
ID_qqu4mr28,0.0030427645,0.98309267,4.047653e-05,0.0034967372,6.497002e-05,3.9523587e-05,0.0001045196,0.00040919322,3.6712652e-05,0.009457827,4.767441e-05,8.22673e-05,8.463932e-05
ID_qvia1ufi,0.0030427645,0.98309267,4.047653e-05,0.0034967372,6.497002e-05,3.9523587e-05,0.0001045196,0.00040919322,3.6712652e-05,0.009457827,4.767441e-05,8.22673e-05,8.463932e-05
ID_qw7naw0i,0.1062493,0.8469305,0.00073621795,0.0053323465,0.00047242627,0.0017861755,0.0155808,0.017154494,0.0009567577,0.0029076403,0.00070229877,0.00064258976,0.00054843654
ID_qy81an5q,0.00075777393,0.99030775,0.00016834267,0.000395133,0.0006774108,0.00045691294,0.00057795766,0.00096573983,7.8288176e-05,0.0039712507,0.00016906086,0.0001874895,0.0012869018
ID_r1lgtggi,0.019201826,0.78985226,0.0005423361,0.004491541,0.0007288527,0.00093238696,0.0013297993,0.006395604,0.00049190474,0.17271331,0.00063877925,0.001547278,0.0011340642
ID_r22mht4u,0.021511693,0.9301981,0.0008170927,0.011363565,0.0027228296,0.0002661223,0.016392585,0.007256535,0.0006595176,0.0021128366,0.0008574809,0.0015981217,0.004243521
ID_r3x1ttth,0.20097862,0.0023118653,0.0022745908,0.008831336,0.0027975878,0.080339745,0.08205026,0.021565078,0.0030200393,0.03433858,0.0011921466,0.18842837,0.37187177
ID_rdu55lck,0.004954223,0.9630234,0.00027091877,0.0013311609,0.0047384403,0.0002491041,0.007466762,0.0026809913,0.0002699982,0.012399527,0.0005180059,0.0014380129,0.00065942784
ID_rgai3yeo,0.3285289,0.00624961,0.0031866264,0.0013700961,0.63207465,0.003077743,0.006589865,0.0015378218,0.0016717258,0.009709527,0.0011500104,0.00263528,0.0022181284
ID_rgjzy8c8,0.057141516,0.5462157,0.0019407466,0.016072953,0.008963521,0.0018032339,0.023152022,0.009067117,0.0020535113,0.3251837,0.0025147146,0.0037665218,0.0021247205
ID_rgnrrv5b,0.022489812,0.09396683,0.020691799,0.0024607717,0.008205459,0.06405187,0.6408542,0.012484061,0.011024801,0.058820784,0.010927338,0.025636537,0.02838576
ID_ri6zezr8,0.8397705,0.009352998,0.0070113214,0.0033444243,0.09451131,0.00072548003,0.0032738422,0.00195503,0.0023834521,0.0015849703,0.024238978,0.007979372,0.0038682783
ID_rmqkvjjg,0.118190326,0.028763458,0.0019566044,0.032029714,0.7847876,0.00059590035,0.0019512508,0.0017904335,0.0025819396,0.0013551393,0.01144598,0.009434571,0.0051170746
ID_rp8cvcvn,0.82511234,0.0126853995,0.0028057108,0.00062479806,0.01311224,0.0014805417,0.08501445,0.023710372,0.0042535765,0.024834195,0.0029443947,0.001711085,0.0017108769
ID_rpukwa6k,0.06463194,0.89026725,0.0006526093,0.0068138405,0.00071954395,0.0013805537,0.00403479,0.0111765945,0.0005919236,0.01475269,0.0007686621,0.0036292928,0.00058037404
ID_rs8bnum9,0.016706636,0.94660103,0.00032079735,0.002813705,0.0079516135,9.3952105e-05,0.0020399932,0.0041917847,0.00033943693,0.008190422,0.0004156719,0.009660197,0.00067470723
ID_rsi7aqtq,0.001447279,0.9794868,0.0003203177,0.00094785524,0.0012889577,0.000665821,0.0010776754,0.0018375819,0.0001489644,0.0006682026,0.00032168426,0.00035674978,0.011432166
ID_ruw3zg3l,0.15116338,0.84041154,0.001553466,0.00071936904,0.0009694849,0.00016197252,0.0021817663,0.00046117176,0.00046861914,0.00025002865,0.00032989623,0.00043555608,0.00089375034
ID_rx32w85r,0.027970776,0.79237324,0.0059708594,0.033959214,0.02646942,0.005873213,0.018203408,0.008192975,0.0034919174,0.0036837214,0.0035294888,0.018680952,0.05160088
ID_rzfq6qw4,0.048809115,0.07153758,0.0024347107,0.013847397,0.8360859,0.00074151164,0.002428049,0.0022279352,0.0031557553,0.0016862745,0.0015832891,0.009094982,0.006367458
ID_s17bf9p5,0.0016399695,0.98984444,0.0004459011,0.00066266133,0.0012283378,0.0003334855,0.000370137,0.0011729926,0.00010414358,0.0003538215,0.00022489458,0.00019061452,0.0034286345
ID_s2u36wmd,0.005159952,0.9458249,0.00033515456,0.03514913,0.00011915947,0.00093512173,0.0083455015,0.0009345712,0.00031952243,0.0005055847,0.00024649242,0.0013833739,0.0007414959
ID_s6cndib3,0.00056487776,0.0012640595,0.00085964036,0.00012596785,0.028867539,0.041333158,0.8646258,0.0017501911,0.0014853962,0.00047882617,0.0009965091,0.0010769962,0.056571037
ID_s796tw3d,0.029263927,0.0003868864,0.0005145139,0.00025944505,0.00042483924,0.108944766,0.8440011,0.0005931138,0.0003804931,0.009811371,0.00019950363,0.005011911,0.00020812191
ID_s94mv40f,0.6127407,0.33277562,0.0011777227,0.008530118,0.010015627,0.0006214709,0.012605474,0.010713213,0.0017854777,0.0064190123,0.0012359365,0.00062372454,0.0007558717
ID_sa1uy9hp,0.99491286,0.0008206563,0.00058906595,5.9867085e-05,0.00055557996,8.425769e-05,0.0011892255,0.00070385804,0.00014926893,0.0002550153,0.00021252675,0.00026241376,0.00020534094
ID_sbcsd864,0.029728169,0.005564505,0.0038058832,0.026312813,0.026725976,0.0018477013,0.0039674123,0.0017631572,0.005731062,0.87646127,0.008526673,0.007119975,0.0024454244
ID_sdmoma60,0.09649109,0.02088429,0.0014939256,0.07592769,0.57886636,0.0003207862,0.0016940056,0.0013670493,0.0018400992,0.00093368086,0.004591012,0.21411134,0.0014786685
ID_sgg33ny1,0.97635514,0.0055597913,0.00039206084,0.0008075235,0.00062930817,0.00038283085,0.005236087,0.0035659198,0.00035560338,0.004893057,0.0004617806,0.0007968515,0.00056408404
ID_spqicunw,0.018496852,0.0024715941,0.001678956,0.0831511,0.85873115,0.0012674053,0.0025328714,0.0011787722,0.0044939355,0.0011964216,0.011482378,0.012416843,0.00090172247
ID_sq1ounw8,0.006712334,0.60156125,0.0002285757,0.36746794,0.00024848775,0.00026878822,0.002243591,0.0011869919,0.0001684763,0.01881563,0.00023987399,0.00013194983,0.000726109
ID_sql7cdze,0.00072763127,0.9799585,0.00019810206,0.00076351664,0.00016337913,0.00029166363,0.009604233,0.0035587454,0.0003996059,0.0032122866,0.0003443079,0.0002761408,0.00050192454
ID_sqm7k2o3,0.9714437,0.0028591105,0.0010315989,0.0022292696,0.0011585831,0.0015238456,0.0039969804,0.00086365576,0.0009356713,0.0032501745,0.0012150477,0.005228829,0.0042634495
ID_srthzuvc,0.020539124,0.58921224,0.002031561,0.017369017,0.0052821375,0.004038377,0.051863186,0.006294941,0.0022809596,0.2940223,0.0021319794,0.0012605026,0.0036736894
ID_srxy6cbx,0.0073159942,0.92480546,0.0044722036,0.004738712,0.009194682,0.018612202,0.005780789,0.0020546322,0.0028781048,0.0025069807,0.0020608197,0.007610246,0.0079691475
ID_ssu8xc7a,0.006261992,0.96572345,0.0002998282,0.001473209,0.0052440767,0.00011063586,0.006068917,0.0031302525,0.0002988094,0.008986324,0.000573282,0.001099477,0.000729795
ID_sv9dt7a0,0.00024290477,0.001162781,0.00037090448,8.6658045e-05,0.00017449951,0.00032668648,0.98347324,0.0006533375,0.00048201176,0.0016298939,0.00023598461,0.0013967266,0.009764374
ID_svc7f8bz,8.3417e-05,0.00023873731,0.00026414625,6.0164657e-05,0.0001287168,0.0006109361,0.98273695,0.0002330111,0.00034327325,0.012083185,0.00016806081,0.00032556668,0.0027238603
ID_sza70nsf,0.029604685,0.9446605,0.0009901533,0.006351714,0.00038886373,0.003065039,0.003306136,0.006746154,0.00052756374,0.00095732836,0.0005228999,0.0005436073,0.0023353305
ID_t020ha88,0.05504307,0.9020471,0.0010715451,0.0060944036,0.02669973,0.00032634806,0.0016897463,0.0009805406,0.0012547736,0.0006524133,0.00069682393,0.0006411183,0.0028023922
ID_t17jj1ry,0.0058971904,0.9227006,0.0002780061,0.064380735,0.00017407483,0.0014388593,0.0019898112,0.0008134301,0.0006282698,0.00027293514,0.00030170946,0.00013854784,0.0009858428
ID_t1b2rj8j,0.005480343,0.9771492,0.00071577897,0.00011299122,0.00042552908,0.0042756647,0.0067135682,0.0016035838,0.0005311216,0.00042038306,0.0005264263,0.0005223184,0.0015230791
ID_t3feen5h,0.06395023,0.46020928,0.0013717458,0.01136058,0.0065006353,0.0012112088,0.012585824,0.0064087603,0.0014514488,0.42897418,0.0017774341,0.0026622284,0.0015364971
ID_t8cib46m,0.012954048,0.0073552825,0.010670103,0.0041533695,0.008057109,0.005516315,0.013716424,0.009719284,0.008101953,0.006600159,0.0062054847,0.9017633,0.0051871985
ID_teccz83z,0.0025808255,0.96001256,0.00047875426,0.004093152,0.000343636,0.0020340653,0.004769649,0.0028227894,0.00046077036,0.020141479,0.000456697,0.00068919547,0.0011163834
ID_tepr14vb,0.0028640013,0.9875661,0.00081191945,0.0010154482,0.0015685016,0.00042818658,0.0015047337,0.0013164126,0.00015958729,0.00049680675,0.00034462393,0.00090555736,0.0010180502
ID_texgjkzv,0.0094974255,0.8986903,0.0008871861,0.0047411555,0.00058965903,0.0010419011,0.019578138,0.0073912577,0.0011529494,0.05251093,0.0008463114,0.0014706976,0.0016021375
ID_tgmke5kx,0.32845303,0.24709731,0.0037098383,0.1871393,0.12724386,0.0024668372,0.046139527,0.0076954905,0.010900267,0.003725099,0.005468824,0.018973492,0.010987125
ID_theu43kb,0.004954223,0.9630234,0.00027091877,0.0013311609,0.0047384403,0.0002491041,0.007466762,0.0026809913,0.0002699982,0.012399527,0.0005180059,0.0014380129,0.00065942784
ID_tjihqued,0.043160386,0.0057642437,0.004501755,0.0019811622,0.0045830505,0.8638322,0.042651065,0.0075586527,0.0016888883,0.0030963442,0.0026906522,0.0019081044,0.016583482
ID_tju8u5tl,0.0006837836,0.0048638294,0.00014390457,3.2045817e-05,0.0003037988,0.00012096376,0.962465,0.0010926733,0.00021816546,0.029663337,0.00015101765,8.9287045e-05,0.00017225093
ID_tm2nsxfj,0.0018808085,0.0041056373,0.0005385193,0.00011026155,0.0014001711,0.0011264605,0.012586545,0.0016686417,0.00060462876,0.97387934,0.0005651379,0.00033412958,0.001199716
ID_tpguzdfg,0.96984094,0.0062689185,0.00044206646,0.0009105196,0.0007095737,0.00043165925,0.005903927,0.008249234,0.00040095905,0.004787061,0.0005206787,0.00089848647,0.00063603045
ID_tqt6thdz,0.000603544,0.0024676926,0.0013304163,0.0002857985,0.00070012896,0.012330688,0.01748507,0.0008981997,0.0012804399,0.028664984,0.0012691204,0.0019152139,0.9307687
ID_tqxtykds,0.022017952,0.8161765,0.005502045,0.031292833,0.024391118,0.0054120654,0.01225424,0.0075496864,0.0031116141,0.0033944866,0.003252364,0.018095793,0.047549333
ID_tu4743r9,0.071594335,0.8582102,0.00062910985,0.0065684854,0.00072513305,0.0007435038,0.0042078677,0.013912189,0.0005706094,0.005567344,0.0007409838,0.03594118,0.00058904965
ID_u24yokj0,0.30228934,0.09528008,0.00737653,0.0015468514,0.10331204,0.0057493057,0.004499725,0.0022919858,0.003878987,0.26226053,0.0036835705,0.017414156,0.19041692
ID_u2tnghpe,0.0050848834,0.9587716,0.0006597809,0.005640855,0.0004572222,0.0010827734,0.0066821394,0.010880122,0.0006349969,0.0013980495,0.0006293833,0.0017335969,0.006344652
ID_u3blcuma,0.001378791,0.98802793,0.0003198653,0.0043127467,0.0013350383,0.0002775716,0.00031118968,0.00043890596,0.00017600185,0.00019734087,0.00018907848,0.00015294996,0.0028825968
ID_ubzezfte,0.029156435,0.68115747,0.010258965,0.05834779,0.045479037,0.010091191,0.012034127,0.014076943,0.006248199,0.0063292715,0.00606427,0.032097094,0.088659234
ID_uedd9bug,0.029285908,0.000880578,0.0006676306,0.0021188534,0.9553085,0.0007044463,0.0012090051,0.00024114725,0.0026413952,0.00080088206,0.002900311,0.0016651907,0.0015761425
ID_ugq7up8w,0.038736586,0.7889541,0.001700633,0.009088247,0.014462578,0.00062044145,0.027515903,0.015469901,0.0025782322,0.09267931,0.0017846939,0.0027139909,0.0036953702
ID_uiyn0b2l,0.008062456,0.9851482,0.00014485586,0.0012705276,0.0006028649,9.459911e-05,0.00099966,0.0010093661,0.00015327256,0.0018903437,0.00018769642,0.00020027759,0.00023581594
ID_ukzqtxuf,0.0009119592,0.98406917,0.00011318531,0.00055613666,6.889914e-05,0.00010173596,0.0018591941,0.0025142112,9.109644e-05,0.008260347,0.00013331289,0.0010820436,0.00023873152
ID_urkqqvp5,0.22666238,0.75353813,0.00372048,0.0066514285,0.0011787004,0.00016490647,0.0023268883,0.0014186052,0.00053803576,0.000907916,0.0005673249,0.00069430465,0.0016309309
ID_uryc44wz,0.002312227,0.008189793,0.0006129412,0.00012549934,0.0012848816,0.001218416,0.013094785,0.0018992434,0.00068818714,0.9682332,0.0006432384,0.00038030537,0.0013172473
ID_usiouenc,0.45683137,0.0032918907,0.0060585807,0.013267035,0.070920095,0.0015640632,0.27467838,0.008362308,0.0064106043,0.016902028,0.005235969,0.055633802,0.08084383
ID_v2nf9va4,0.004431292,0.005673087,0.0024868085,0.00032026877,0.0029262025,0.023406547,0.0017519373,0.0016604529,0.0011564965,0.13371499,0.0024974179,0.0019214826,0.81805307
ID_v83kpk5f,0.01988967,0.1462776,0.012672529,0.051235985,0.007787356,0.075698614,0.034744624,0.006740957,0.009403258,0.03317542,0.00932013,0.009247402,0.58380646
ID_ve4iti6g,0.018123096,0.13918309,0.001809849,0.64459306,0.0043812995,0.011392895,0.021690324,0.0064598904,0.028606365,0.0013076208,0.008824291,0.1077416,0.005886601
ID_vfcxyhf6,0.0008571787,0.0017900158,0.00027557957,5.6424728e-05,0.0052089253,0.0003901552,0.97241557,0.004632532,0.00030941016,0.011813401,0.00028920124,0.00024609352,0.0017155496
ID_vfh7y78z,0.026315685,0.7402959,0.0006638969,0.005498288,0.00089221983,0.0011413749,0.0016278651,0.007829133,0.0006021617,0.21142577,0.00078195706,0.0018940903,0.0010316912
ID_vgok1p7e,0.0017228553,0.010807702,0.011495274,0.003572005,0.0696868,0.6644034,0.0014035745,0.0041318196,0.005450097,0.0038373843,0.0030713158,0.13084354,0.08957427
ID_vgugptxd,0.002507879,0.0015119081,0.0014101252,0.00080890226,0.014276606,0.77563995,0.004091229,0.012647027,0.0010415862,0.04094662,0.0006085249,0.071954526,0.072555155
ID_vi98x9it,0.0007232298,0.001874068,0.0013564219,0.0066657555,0.0028009852,0.9456027,0.004765498,0.0012086388,0.0016835027,0.0005658421,0.019685468,0.0066729328,0.0063949064
ID_viowd5w9,0.0037370336,0.0018851716,0.0024246813,0.0045890585,0.0016275933,0.006912036,0.008866245,0.0021605107,0.0033475892,0.0027422626,0.0032490473,0.010386154,0.9480726
ID_vor6tn4c,0.06395023,0.46020928,0.0013717458,0.01136058,0.0065006353,0.0012112088,0.012585824,0.0064087603,0.0014514488,0.42897418,0.0017774341,0.0026622284,0.0015364971
ID_vp1s3z4t,0.14836091,0.8294584,0.00078920176,0.002706403,0.0020335303,0.00024195114,0.003460288,0.0063317306,0.00043542232,0.0006142097,0.00083538087,0.0027221192,0.0020104302
ID_vqayx3g2,0.004199503,0.9415089,0.0007996317,0.0068365247,0.00057395286,0.003780701,0.0060734954,0.004714719,0.00076959433,0.026540875,0.0007627909,0.0011511183,0.0022882286
ID_vtcrenjg,0.9879134,0.0012927116,0.00046642497,0.0010079374,0.0005238393,0.0007354586,0.0017690534,0.0003978262,0.00042305246,0.002487633,0.00054936885,0.0009479948,0.0014853231
ID_vtdycfd1,0.0044427468,0.98732275,0.00036724773,0.0010867268,0.0016786014,0.0004477224,0.0005888751,0.001631595,0.00017078938,0.00055142323,0.0003688145,0.0002531845,0.0010895116
ID_vten148r,0.93118095,0.0029380822,0.002771383,0.0059889164,0.0026900438,0.0044069155,0.009296711,0.0023202037,0.002513674,0.0051801265,0.0032642137,0.014047204,0.01340159
ID_vu5ya5sr,0.00023303133,0.9870868,0.00018712258,0.00043921318,0.0009202849,0.00039985837,0.00027529933,0.0010175174,8.702183e-05,0.0042003747,0.00012735001,0.004298645,0.0007274393
ID_vv1wov5z,0.24117835,0.004853285,0.004775035,0.0032801204,0.012281798,0.6710925,0.031161567,0.0028516776,0.004277364,0.0027808594,0.002502666,0.0032152066,0.015749564
ID_vx52q7s0,0.015509367,0.9704075,0.0009880547,0.0029176371,0.0003087633,0.00046758115,0.0016017993,0.0021480506,0.00025037245,0.0033767743,0.00035647632,0.0002711585,0.0013964761
ID_vx8ynlrb,0.0022205021,0.9859483,0.00060631067,0.0009010487,0.0015911799,0.00040095925,0.000503291,0.0015949681,0.00014160847,0.00045964506,0.00030579872,0.00025918667,0.0050671455
ID_vxoa778b,0.004472508,0.9563497,0.000514663,0.0012080143,0.018833091,0.0015403621,0.002307499,0.006094656,0.00029637082,0.0047364375,0.0005686034,0.00023739508,0.0028406552
ID_vznrei19,0.86713964,0.008469299,0.00057611556,0.010028444,0.10299205,0.00017546091,0.0012255445,0.00052718684,0.0007602434,0.00045109194,0.0033702299,0.002777976,0.0015067045
ID_w1oozka1,0.00095239945,0.99100107,0.0003980674,0.0011754575,4.0638417e-05,0.00015005624,0.00074096443,0.00071855716,8.6466156e-05,0.0025227903,0.00013054755,0.001055973,0.0010269785
ID_w22qev1k,0.012634864,0.9769381,0.000363385,0.0010752967,0.0018052254,0.00048288962,0.0005826813,0.0020846492,0.00016899302,0.0017501016,0.00036493535,0.0002505215,0.001498356
ID_w99v9r1d,0.013271854,0.96813667,0.0011097598,0.0032770212,0.00032121228,0.00039688562,0.003529999,0.001211412,0.00028121241,0.006253634,0.0004003858,0.0003045588,0.0015053983
ID_w9pafl93,0.0041096685,0.9213684,0.0007825262,0.0066902796,0.000561675,0.0051637846,0.005943573,0.0046138633,0.0007531314,0.04642956,0.0007464735,0.0005977369,0.0022392794
ID_wa3pp4j4,0.00017950666,0.9917916,0.00013288987,0.00031191844,0.0006439281,0.0011576627,0.00019077778,0.0023597588,6.180077e-05,0.0008196002,0.00013345682,5.9872116e-05,0.0021571915
ID_wbdsgip0,0.9813913,0.00024991154,0.00018300771,0.0077771377,0.00054839544,0.00343386,0.0007340155,0.0007780131,0.00024298446,0.001152519,9.591703e-05,0.0001418388,0.0032710608
ID_wcblwrl3,0.049456615,0.318554,0.0011723795,0.01625382,0.0012632987,0.00083839096,0.066106625,0.004659287,0.0010046843,0.53664577,0.0012303293,0.0014963235,0.0013184687
ID_whar3up2,0.02847968,0.7664247,0.0016520696,0.008828723,0.011299165,0.0006027241,0.0690238,0.018707018,0.0025046081,0.08432224,0.0017337301,0.0030360199,0.003385477
ID_whoo7ohn,0.315985,0.6397711,0.0013518829,0.003909416,0.0047220304,0.000779623,0.011698467,0.011049184,0.0018693606,0.0011867407,0.0014309864,0.0029877769,0.003258426
ID_whv437ob,0.008062456,0.9851482,0.00014485586,0.0012705276,0.0006028649,9.459911e-05,0.00099966,0.0010093661,0.00015327256,0.0018903437,0.00018769642,0.00020027759,0.00023581594
ID_wi4iacqy,0.017102301,0.63681924,0.0015754942,0.008419501,0.011133218,0.0009432154,0.039243005,0.005124194,0.0023885162,0.26525268,0.0016533696,0.0014069217,0.008938322
ID_wi6nh2ds,0.03417458,0.4319869,0.0015422257,0.012772467,0.006193945,0.0013617364,0.014149985,0.007205235,0.0016318351,0.48226216,0.0019983328,0.002993089,0.0017274523
ID_wpjnoecy,0.000429506,0.97859967,0.00032002755,0.0007511667,0.0015898333,0.00086861366,0.0005460517,0.0018359175,0.00014882948,0.0006675974,0.0003213929,0.00035642664,0.013564979
ID_wpkpanfd,0.0018808085,0.0041056373,0.0005385193,0.00011026155,0.0014001711,0.0011264605,0.012586545,0.0016686417,0.00060462876,0.97387934,0.0005651379,0.00033412958,0.001199716
ID_wtf1vhjh,0.00848478,0.0014463534,3.0410152e-05,0.00054886995,4.0868603e-05,5.228131e-05,7.4565265e-05,0.0003569564,2.7582335e-05,0.9887511,3.5817975e-05,8.675985e-05,6.358986e-05
ID_wz92zfhd,0.0022754038,0.0023790284,0.00077066483,0.00015779317,0.009171824,0.0010910783,0.0049690837,0.00034401802,0.0008652733,0.96568775,0.0008087582,0.00068820635,0.0107911015
ID_x43ne9hf,0.0004030218,0.0020330881,0.0011579051,0.000525619,0.0023910531,0.97765505,0.0032473449,0.0010317506,0.0012752757,0.0004830293,0.0010348577,0.004094761,0.0046672323
ID_x49pswzu,0.00026635564,0.0011879818,0.0006153677,0.00013219254,0.00045655927,0.96040606,0.003533379,0.00041545145,0.00059225206,0.008284682,0.0005870164,0.00047005218,0.023052623
ID_xcr97aiu,0.00032502905,0.00033287812,0.0010332436,0.00045836877,0.006740821,0.014304751,0.0021219999,0.00044600893,0.00042665895,0.92450947,0.0004185068,0.047244232,0.001638068
ID_xee1a5f3,0.0015530235,0.0011476455,0.00041811558,0.9413615,0.0021936113,0.0065700356,0.030359525,0.011524384,0.0008542514,0.00032387782,0.0021411907,0.0011382394,0.0004146223
ID_xf2obhxd,0.31822854,0.5090834,0.00072548905,0.0021468017,0.16287805,0.00034539806,0.00093934295,0.0021494864,0.00041777585,0.00095567125,0.0008015252,0.00051834027,0.0008101423
ID_xiqsruy4,0.3449068,0.013638705,0.003450625,0.0021622537,0.0030901928,0.005528738,0.012758573,0.0025034284,0.0038611975,0.59175366,0.0032916456,0.0041515646,0.008902565
ID_xjt60rgu,0.5862947,0.14301679,0.032919664,0.0035101792,0.005128341,0.02347094,0.09557369,0.0051769298,0.008341821,0.013633775,0.007921571,0.0106334025,0.06437816
ID_xk77dp70,0.43317294,0.02084295,0.0018219554,0.0023224526,0.00244855,0.003132315,0.019485608,0.028697155,0.0016525333,0.47645822,0.0021459518,0.0051980177,0.0026213685
ID_xmtv3qil,0.0045324108,0.9253876,0.0016575477,0.0003393819,0.0050997986,0.0032949043,0.011897774,0.0007399148,0.0018610317,0.032729693,0.0017394789,0.0010284417,0.00969201
ID_xpi4zfh5,0.013608531,0.013001299,0.0017045017,0.00034899553,0.014440998,0.001048473,0.035344977,0.005479828,0.001913749,0.9045357,0.0017887539,0.0027201623,0.0040640743
ID_xs3kt2zq,0.04066653,0.46948743,0.002277374,0.01646908,0.0018065508,0.0072418395,0.020015258,0.41015443,0.001832929,0.018474292,0.002682357,0.002938703,0.0059532323
ID_xtolt1ju,0.004199503,0.9415089,0.0007996317,0.0068365247,0.00057395286,0.003780701,0.0060734954,0.004714719,0.00076959433,0.026540875,0.0007627909,0.0011511183,0.0022882286
ID_xvj57ncf,0.017272329,0.7752611,0.001671117,0.008930513,0.0114294365,0.0006160957,0.06981961,0.018922698,0.0025334847,0.08529442,0.0017537189,0.0030710234,0.0034245094
ID_xvjgzbjz,0.116458945,0.40462267,0.0060940534,0.29118344,0.02188303,0.005994392,0.013296769,0.008362017,0.0037787198,0.0037597278,0.032405484,0.03056092,0.06159988
ID_xygzrn3w,0.016273491,0.14329942,0.009385696,0.01776378,0.007338368,0.026755787,0.6334844,0.03473189,0.012958179,0.005111545,0.012576729,0.04020375,0.04011699
ID_xz1psdrp,0.014248501,0.97667694,0.00019535856,0.0017134838,0.0008130475,0.0001275801,0.001348181,0.0013612713,0.00020670945,0.0025493926,0.00025313508,0.00027010203,0.00023634644
ID_xz7r1y3i,0.06648168,0.50298303,0.006562115,0.0033824632,0.0072342847,0.007716566,0.1353922,0.019959467,0.004836739,0.22152711,0.0068864753,0.003788109,0.013249735
ID_y0hms2vo,0.85269094,0.009767459,0.0021603303,0.0004810796,0.014775362,0.0011399817,0.06545911,0.025380736,0.0032751528,0.019898318,0.0022671137,0.0013174951,0.0013869688
ID_y16me99m,0.054302666,0.67852825,0.0026018373,0.022244645,0.005212274,0.005171983,0.026443778,0.01605619,0.0029212441,0.17613307,0.0027304436,0.0016143362,0.006039313
ID_y29p9yyp,0.56642663,0.38418168,0.0011697394,0.013554292,0.0067718113,0.0010867044,0.012520023,0.007565507,0.0013133384,0.0028501772,0.0012275586,0.00061949616,0.0007130555
ID_y3uex7u7,0.0009584026,0.0020300997,0.0003081227,6.3087966e-05,0.007008992,0.0001895324,0.9616355,0.0010164665,0.00034594833,0.024894167,0.00032335293,0.0004917238,0.00073466287
ID_y50rhdpt,0.0038736295,0.991941,6.9211594e-05,0.00060705305,9.843614e-05,5.125472e-05,0.00040962893,0.0005472423,6.277567e-05,0.0011803434,8.1519385e-05,0.0007717166,0.00030616554
ID_y7cg0h0t,0.002312227,0.008189793,0.0006129412,0.00012549934,0.0012848816,0.001218416,0.013094785,0.0018992434,0.00068818714,0.9682332,0.0006432384,0.00038030537,0.0013172473
ID_ye8e8a04,0.5828244,0.36654228,0.0018181235,0.009220465,0.003911756,0.00056995533,0.006264632,0.008505882,0.001313906,0.015065581,0.0010562753,0.00071277306,0.0021939718
ID_yfhdjd94,0.024006274,0.0030781056,0.0033632887,0.055934515,0.0038344506,0.4655187,0.13296878,0.026231166,0.0029245291,0.26393643,0.001762749,0.014857681,0.0015833083
ID_yiuf4ciq,0.019004954,0.9617268,0.00038587712,0.0045254384,0.00021786863,0.001467585,0.0061139,0.004400759,0.00038315306,0.00067869993,0.00054317585,0.00020785582,0.000343907
ID_yjfu314f,0.0038736295,0.991941,6.9211594e-05,0.00060705305,9.843614e-05,5.125472e-05,0.00040962893,0.0005472423,6.277567e-05,0.0011803434,8.1519385e-05,0.0007717166,0.00030616554
ID_ys7e9dk7,0.019201826,0.78985226,0.0005423361,0.004491541,0.0007288527,0.00093238696,0.0013297993,0.006395604,0.00049190474,0.17271331,0.00063877925,0.001547278,0.0011340642
ID_ytxvglcg,5.969988e-05,0.9850096,8.78248e-05,2.2102106e-05,6.438152e-05,0.00026144882,0.0019283049,0.011555202,7.06852e-05,0.00046034376,0.00015264246,6.857751e-05,0.00025910742
ID_yx783cz2,0.43169972,0.49863273,0.0017313049,0.00500664,0.007383833,0.0011040248,0.014221932,0.014150276,0.00239402,0.0014786804,0.0012419219,0.018108683,0.0028461784
ID_z82ek7ox,0.075281985,0.9150642,0.00019537365,0.002160357,0.00025176976,0.00019128315,0.0013835971,0.0033459703,0.00017720602,0.0007703456,0.00023011665,0.00077403133,0.00017374838
ID_z9dug8w5,0.005494311,0.96716434,0.00042955202,0.0010082423,0.007218672,0.001285629,0.0011829941,0.010130774,0.00024735942,0.0024170335,0.00047457218,0.00019813642,0.0027483595
ID_zadeqjr4,0.97635514,0.0055597913,0.00039206084,0.0008075235,0.00062930817,0.00038283085,0.005236087,0.0035659198,0.00035560338,0.004893057,0.0004617806,0.0007968515,0.00056408404
ID_zaini8bb,0.0011634254,0.82909006,0.001739293,0.0035644728,0.0012596279,0.006005132,0.13039735,0.0064362776,0.002169448,0.0009472366,0.002330634,0.0074628033,0.007434208
ID_zc9wpyzd,0.05059525,0.07774553,0.0012335461,0.0021037825,0.009348255,0.0012503467,0.8445288,0.0046736235,0.0041910037,0.0009588487,0.0009980485,0.0006289453,0.001744092
ID_zctomin6,0.0030427645,0.98309267,4.047653e-05,0.0034967372,6.497002e-05,3.9523587e-05,0.0001045196,0.00040919322,3.6712652e-05,0.009457827,4.767441e-05,8.22673e-05,8.463932e-05
ID_zd0dzfk0,0.04129976,0.0014361234,0.009101782,0.008324522,0.0013708108,0.41824138,0.05214844,0.0058759046,0.0031401608,0.37091804,0.0018927203,0.07835408,0.007896254
ID_zflauo1f,0.09406216,0.08255914,0.0025804264,0.5569476,0.124668375,0.0011035126,0.016455622,0.003581889,0.0038166665,0.10346849,0.0020877945,0.005018758,0.003649614
ID_zk5n1y26,0.94403905,0.0018158549,0.00017183842,2.1093183e-05,0.05116848,8.181063e-05,0.0012289966,0.0005538623,9.895387e-05,0.00031560802,0.00018984824,0.00012277342,0.00019188947
ID_zlu4bt93,0.00017949272,0.99171454,0.00013287955,0.0003118942,0.0006438781,0.001251424,0.00017465054,0.0023595754,6.179597e-05,0.0008195365,0.00013344646,5.9867467e-05,0.0021570239
ID_zlz39q6l,0.7054797,0.059093036,0.007590544,0.08814141,0.102319114,0.0007854137,0.0035443006,0.0021165397,0.002580354,0.0027252578,0.011240639,0.0101958085,0.0041878447
ID_zodyw6bs,0.003391116,0.009801053,0.00075485586,0.00015455628,0.0053141396,0.0010686965,0.018802239,0.0023389764,0.0008475235,0.95136136,0.00079216773,0.0006740888,0.0046991603
ID_zqi8lti6,0.004931073,0.9012244,0.0054862695,0.0014353436,0.007974124,0.02743338,0.0061098957,0.001844281,0.0026009611,0.033430204,0.0009918436,0.005542016,0.0009962623
ID_zuxzumjb,0.005590563,0.0016362804,0.0013713624,0.00172021,0.001272035,0.00056064414,0.9223955,0.0013016262,0.0011752053,0.060789004,0.0009598683,0.00082019053,0.00040751358
ID_zvnveabu,0.0038736295,0.991941,6.9211594e-05,0.00060705305,9.843614e-05,5.125472e-05,0.00040962893,0.0005472423,6.277567e-05,0.0011803434,8.1519385e-05,0.0007717166,0.00030616554
ID_zvole537,0.0135866115,0.6189884,0.0041125594,0.20745425,0.0032154769,0.011723672,0.07765563,0.013989316,0.0056779278,0.0028909887,0.005510786,0.01761621,0.017578194
ID_zy4igt1w,0.06425953,0.003465545,0.00067540957,8.290663e-05,0.9226571,0.00073978025,0.0018015241,0.002811005,0.0003889376,0.00084124925,0.0007461974,0.00048256,0.0010482694
ID_zy4urqmq,0.002286498,0.9880342,8.230037e-05,0.0011607591,0.00022343225,0.00071695476,7.9137535e-05,0.0029105688,3.8273956e-05,0.0025456958,8.2651495e-05,3.7079557e-05,0.0018024886
ID_zym0pkxl,0.17227912,0.0016636311,0.0014707004,0.00982439,0.78964806,0.0008539714,0.005496096,0.00052145054,0.0019048083,0.0019400438,0.008297796,0.00262795,0.00347203
ID_zz7zds1s,0.046562366,0.43712553,0.0065835817,0.31457388,0.029185688,0.0064759147,0.0077227727,0.009033728,0.00408226,0.0040817577,0.03500858,0.033015843,0.066548124
